order_id,customer_id,product_id,order_date,quantity,unit_price,discount,payment_method,channel,rating
ORD10253,C0217,P03,2024-08-21,1,2500,0,Card,app,3
ORD10394,C0113,P11,Sep 24 2024,1,1710,0.1,mpesa,web,3
ORD10371,C0129,P08,Apr 6 2025,1,"2,200",0,M-Pesa,app,3
ORD11179,C0286,P07,2024-06-06,1,KES 950,0,M-Pesa,Web,3
ORD10378,C0077,P08,2024-04-20,1,1870,0.15,cash,Web,5
ORD10489,C0077,P17,2024-10-10,2,"2,800",0,M-Pesa,app,3
ORD10094,C0223,P19,2024-08-02,4,1500,0,Cash,Store,3
ORD11093,C0042,P19,2024-11-06,1,1350,0.1,M-Pesa,web,4
ORD11920,C0223,P13,2024-06-17,3,190,0.05,mpesa,App,3
ORD11241,C0028,P04,2025-05-01,1,KES 1800,0,card,web,3
ORD11274,C0078,P16,2024-06-07,3,1200,0,M-Pesa,Store,2
ORD11178,C0282,P16,Jan 17 2024,1,1020,0.15,Cash,Store,2
ORD11578,C0294,P14,17/07/2024,1,1520,0.05,M-Pesa,store,3
ORD11389,C0048,P09,Mar 12 2025,2,KES 4200,0,mpesa,web,3
ORD10322,C0226,P20,2024-04-11,4,KES 1100,0,Card,app,3
ORD10524,C0060,P15,2024-04-02,4,KES 750,0,M-Pesa,Store,4
ORD11959,C0197,P11,Aug 13 2024,1,KES 1900,0,card,Web,3
ORD10927,C0141,P18,Jun 24 2025,4,540,0.1,cash,Store,4
ORD11006,C0173,P14,Mar 17 2024,1,1520,0.05,Cash,Web,4
ORD10238,C0034,P16,2024-01-22,2,KES 1080,0.1,cash,Store,4
ORD10009,C0232,P03,May 23 2025,1,KES 2125,0.15,Card,app,5
ORD10949,C0255,P01,Apr 5 2024,2,KES 3500,0,cash,store,4
ORD10475,C0272,P15,05/12/2024,3,750,0,card,App,5
ORD11348,C0091,P19,17/05/2025,4,1425,0.05,Cash,app,2
ORD11002,C0194,P11,24/04/2025,2,1805,0.05,card,store,
ORD10583,C0173,P05,01/02/2024,1,KES 5200,0,cash,Store,3
ORD11520,C0092,P06,2024-01-01,4,255,0.15,Mpesa,store,5
ORD10220,C0182,P04,2024-02-11,3,KES 1800,0,mpesa,App,3
ORD11247,C0119,P15,Mar 20 2025,2,KES 750,0,Mpesa,Web,4
ORD10488,C0176,P20,01/04/2024,2,KES 935,0.15,Card,store,4
ORD10527,C0246,P04,Mar 23 2024,1,"1,800",0,cash,web,4
ORD11105,C0083,P16,2024-08-20,2,1200,0,Cash,store,4
ORD10787,C0195,P13,Feb 12 2024,2,200,0,Card,store,3
ORD11137,C0079,P18,Nov 12 2024,1,KES 510,0.15,cash,store,4
ORD11868,C0152,P10,Apr 27 2025,1,700,0,Card,Web,3
ORD11427,C0005,P20,Jan 7 2024,2,935,0.15,M-Pesa,web,5
ORD10544,C0161,P17,May 22 2025,3,KES 2380,0.15,Card,store,3
ORD10514,C0050,P07,03/02/2024,3,KES 950,0,Cash,store,3
ORD10235,C0046,P05,2024-10-11,5,5200,0,Cash,Web,3
ORD10446,C0200,P06,2025-01-17,4,300,0,cash,store,5
ORD11589,C0298,P05,04/05/2025,60,4940,0.05,card,web,2
ORD11965,C0213,P04,Feb 18 2025,2,1800,0,M-Pesa,Store,3
ORD11840,C0253,P06,22/08/2024,3,KES 285,0.05,M-Pesa,web,3
ORD11226,C0245,P09,Feb 5 2024,3,KES 3570,0.15,Cash,web,3
ORD11344,C0105,P04,2024-08-28,2,KES 1800,0,M-Pesa,store,3
ORD11650,C0102,P01,04/03/2024,2,3325,0.05,M-Pesa,App,4
ORD10961,C0129,P09,Jul 19 2024,2,"3,570",0.15,M-Pesa,app,5
ORD11309,C0081,P04,Jan 2 2024,5,KES 1800,0,M-Pesa,app,4
ORD11388,C0052,P13,2024-04-11,5,200,0,mpesa,App,4
ORD11945,C0246,P08,23/01/2025,2,2200,0,Card,app,5
ORD10677,C0057,P16,24/05/2024,4,KES 1020,0.15,cash,web,5
ORD11132,C0139,P06,22/02/2025,2,300,0,mpesa,Web,4
ORD11738,C0048,P10,2024-02-01,1,595,0.15,mpesa,Web,5
ORD10020,C0163,P09,May 24 2025,2,3570,0.15,Card,web,3
ORD11136,C0193,P13,2025-06-10,1,190,0.05,Card,Web,5
ORD11111,C0205,P09,Mar 1 2024,2,4200,0,cash,store,3
ORD11665,C0231,P15,Mar 24 2025,1,750,0,Card,app,3
ORD10217,C0227,P12,18/01/2025,3,350,0,Cash,store,3
ORD10030,C0269,P10,2024-11-05,1,630,0.1,Card,app,5
ORD10505,C0238,P14,2025-02-13,1,"1,600",0,M-Pesa,store,3
ORD11161,C0254,P18,12/05/2024,1,600,0,cash,App,3
ORD11519,C0207,P19,27/06/2025,1,1275,0.15,Mpesa,Store,4
ORD11794,C0211,P14,Jun 5 2025,2,KES 1360,0.15,M-Pesa,app,4
ORD10015,C0004,P08,2025-06-07,1,KES 1980,0.1,Mpesa,Web,5
ORD10093,C0268,P16,24/07/2024,2,KES 1200,0,Mpesa,App,
ORD10081,C0172,P03,Apr 12 2024,1,KES 2500,0,Card,web,4
ORD11935,C0258,P16,2024-08-18,3,1200,0,card,Web,4
ORD10287,C0244,P06,2024-10-09,2,285,0.05,Mpesa,app,4
ORD10023,C0260,P18,Nov 13 2024,3,600,0,cash,web,4
ORD10179,C0253,P11,05/03/2025,1,1900,0,mpesa,Web,3
ORD10686,C0300,P11,Jun 23 2025,2,KES 1805,0.05,Mpesa,web,3
ORD11770,C0085,P13,Oct 5 2024,1,180,0.1,M-Pesa,web,4
ORD11320,C0188,P02,15/06/2024,1,KES 680,0.15,Mpesa,web,4
ORD10222,C0233,P04,2024-05-16,3,1800,0,M-Pesa,App,5
ORD10553,C0230,P14,2025-03-23,3,KES 1520,0.05,Cash,Store,3
ORD10054,C0277,P19,Oct 16 2024,2,"1,500",0,Card,App,4
ORD11080,C0165,P09,2024-12-11,3,4200,0,card,store,4
ORD11497,C0145,P07,Apr 10 2024,2,950,0,card,Web,3
ORD11584,C0106,P19,11/06/2025,2,1275,0.15,M-Pesa,App,5
ORD11517,C0091,P06,15/05/2024,2,300,0,Card,Store,3
ORD10092,C0235,P14,2024-06-20,3,KES 1600,0,M-Pesa,app,4
ORD11974,C0205,P17,Nov 12 2024,3,2660,0.05,Mpesa,store,2
ORD10886,C0118,P14,Oct 26 2024,1,KES 1440,0.1,mpesa,Store,3
ORD11621,C0003,P16,26/02/2025,1,1140,0.05,Cash,Store,3
ORD11952,C0187,P16,2024-07-27,2,KES 1080,0.1,Cash,web,3
ORD10723,C0111,P19,2024-06-14,1,1500,0,cash,App,3
ORD10538,C0297,P03,26/09/2024,4,"2,125",0.15,cash,app,3
ORD11616,C0159,P08,07/10/2024,2,"2,200",0,cash,app,3
ORD10435,C0182,P19,2025-01-07,3,KES 1350,0.1,mpesa,store,4
ORD10606,C0011,P06,Jan 27 2024,1,KES 300,0,Cash,store,3
ORD10039,C0180,P16,2025-03-19,3,1200,0,Card,store,3
ORD10642,C0181,P07,Feb 22 2025,4,902,0.05,card,Store,3
ORD10616,C0067,P11,06/02/2024,5,1805,0.05,Cash,web,
ORD10622,C0023,P07,Oct 13 2024,2,902,0.05,M-Pesa,App,3
ORD10428,C0030,P08,2025-06-03,1,2200,0,cash,app,4
ORD11192,C0268,P19,Jun 1 2025,3,"1,500",0,Mpesa,Web,4
ORD10139,C0298,P19,12/09/2024,3,1275,0.15,Card,Store,5
ORD10199,C0124,P14,16/06/2025,1,1600,0,M-Pesa,web,3
ORD10080,C0219,P11,2025-01-26,1,1900,0,card,web,4
ORD10074,C0091,P18,23/02/2024,5,600,0,M-Pesa,store,3
ORD10692,C0261,P04,12/03/2025,1,1800,0,Card,store,4
ORD10922,C0005,P12,2024-11-17,3,KES 350,0,Mpesa,App,2
ORD10328,C0120,P20,Apr 16 2025,2,1100,0,Cash,app,2
ORD10108,C0147,P06,02/06/2024,3,KES 285,0.05,Card,App,4
ORD10517,C0170,P01,Aug 13 2024,3,"3,150",0.1,M-Pesa,web,4
ORD10280,C0175,P03,Nov 28 2024,3,2125,0.15,mpesa,web,3
ORD10319,C0138,P07,2025-01-01,40,855,0.1,cash,store,3
ORD10149,C0241,P19,2024-01-19,5,1500,0,M-Pesa,store,3
ORD10123,C0183,P02,Oct 7 2024,1,KES 800,0,cash,Web,3
ORD11107,C0082,P01,2024-08-02,3,3500,0,card,App,4
ORD10872,C0216,P07,13/09/2024,1,807,0.15,Mpesa,web,3
ORD11984,C0198,P03,Mar 19 2024,1,KES 2500,0,M-Pesa,store,3
ORD11609,C0035,P10,2024-10-13,1,665,0.05,cash,App,4
ORD10134,C0110,P17,16/08/2024,2,"2,800",0,card,store,2
ORD10639,C0190,P10,Oct 5 2024,3,KES 700,0,card,App,4
ORD11916,C0015,P03,Feb 23 2025,1,2500,0,mpesa,App,3
ORD10130,C0263,P19,2024-02-04,2,KES 1500,0,card,web,3
ORD11368,C0211,P14,Oct 18 2024,1,1520,0.05,mpesa,store,3
ORD11472,C0133,P08,2024-12-11,3,KES 1870,0.15,cash,app,4
ORD10762,C0035,P08,2025-02-17,2,KES 2200,0,Cash,App,3
ORD11954,C0112,P01,2024-10-10,5,3150,0.1,mpesa,web,3
ORD11903,C0117,P07,01/02/2025,2,KES 902,0.05,M-Pesa,Web,4
ORD10760,C0132,P13,2024-10-27,2,200,0,card,app,4
ORD11004,C0270,P19,Oct 1 2024,1,KES 1500,0,cash,app,
ORD10146,C0165,P02,Jan 25 2024,2,800,0,Card,Web,
ORD10427,C0263,P20,Nov 9 2024,1,1100,0,card,store,4
ORD11191,C0122,P05,25/01/2024,4,4680,0.1,cash,store,4
ORD11193,C0237,P12,16/11/2024,2,350,0,Cash,Web,3
ORD10670,C0242,P04,2024-10-13,4,KES 1710,0.05,card,store,3
ORD10442,C0258,P19,2024-02-04,2,1500,0,M-Pesa,App,4
ORD10756,C0124,P11,Jun 5 2024,5,KES 1900,0,card,store,4
ORD10295,C0091,P10,2024-04-25,2,700,0,Mpesa,app,4
ORD11843,C0291,P15,2024-05-21,1,750,0,M-Pesa,web,2
ORD11437,C0070,P11,2024-01-03,1,1805,0.05,Cash,app,4
ORD11568,C0143,P08,Nov 16 2024,3,1980,0.1,mpesa,store,5
ORD10088,C0027,P18,Jun 15 2024,1,600,0,Card,web,4
ORD10142,C0267,P16,Mar 28 2025,1,1200,0,cash,Web,3
ORD10800,C0232,P05,May 13 2024,3,KES 4420,0.15,Card,App,5
ORD10239,C0065,P10,2025-02-26,2,700,0,card,web,5
ORD11152,C0029,P13,Apr 10 2025,1,190,0.05,Mpesa,Web,3
ORD10773,C0210,P12,21/10/2024,1,350,0,cash,Store,4
ORD11428,C0280,P05,2025-01-21,1,KES 5200,0,M-Pesa,Store,4
ORD11291,C0292,P03,18/01/2025,2,"2,500",0,cash,web,3
ORD11086,C0253,P08,Jun 9 2024,3,1870,0.15,card,store,4
ORD11487,C0133,P04,11/10/2024,3,1620,0.1,Cash,Web,2
ORD11574,C0211,P14,Feb 19 2024,1,KES 1520,0.05,Mpesa,Web,2
ORD11579,C0162,P11,2024-01-05,3,1900,0,M-Pesa,App,2
ORD10480,C0049,P06,06/05/2025,4,285,0.05,Mpesa,web,5
ORD11339,C0108,P06,16/11/2024,2,300,0,cash,web,4
ORD10761,C0103,P05,2025-05-08,5,5200,0,Mpesa,Web,3
ORD11379,C0063,P02,2024-08-09,1,680,0.15,Card,app,3
ORD11800,C0021,P20,2025-03-10,2,935,0.15,cash,store,5
ORD10049,C0065,P05,Jan 16 2024,1,4940,0.05,Mpesa,Web,4
ORD11648,C0210,P04,Feb 28 2025,3,KES 1800,0,cash,app,3
ORD10810,C0243,P08,09/08/2024,2,1980,0.1,mpesa,Store,3
ORD10441,C0051,P03,04/04/2024,1,2125,0.15,Cash,app,4
ORD10924,C0021,P15,Jun 19 2025,1,750,0,Card,app,3
ORD11555,C0103,P18,Jun 3 2024,1,KES 600,0,Card,Web,4
ORD11992,C0246,P01,07/08/2024,2,3325,0.05,cash,app,4
ORD10207,C0082,P06,2025-05-20,1,300,0,card,web,4
ORD11752,C0091,P02,2024-12-28,3,680,0.15,cash,web,4
ORD10379,C0195,P14,11/05/2025,1,1600,0,M-Pesa,Store,3
ORD10507,C0269,P13,May 24 2025,1,200,0,Card,store,4
ORD11231,C0024,P12,Aug 14 2024,1,350,0,Mpesa,Web,
ORD10469,C0164,P05,Feb 8 2025,2,5200,0,Cash,app,
ORD11302,C0020,P19,Jan 4 2025,5,"1,425",0.05,Mpesa,Store,5
ORD11268,C0113,P15,2024-08-24,1,675,0.1,card,App,5
ORD10899,C0191,P01,20/03/2025,2,"3,500",0,mpesa,Web,
ORD11395,C0109,P11,Aug 4 2024,2,1900,0,mpesa,app,3
ORD11481,C0208,P13,2024-09-27,4,180,0.1,Mpesa,Web,3
ORD11051,C0232,P09,Jan 21 2025,3,4200,0,Card,Store,3
ORD10014,C0255,P16,15/06/2025,3,1200,0,M-Pesa,Store,4
ORD11536,C0228,P11,2025-01-05,1,1805,0.05,Card,web,4
ORD10845,C0154,P11,Jan 16 2025,1,1805,0.05,Cash,app,5
ORD10441,C0051,P03,04/04/2024,1,2125,0.15,Cash,app,4
ORD11991,C0138,P07,Nov 6 2024,3,855,0.1,card,App,3
ORD10415,C0140,P03,May 13 2025,1,2375,0.05,Mpesa,app,2
ORD11697,C0218,P09,May 25 2025,3,KES 4200,0,cash,Store,3
ORD10598,C0092,P01,12/07/2024,2,3500,0,card,App,3
ORD10449,C0275,P08,Jan 5 2025,3,2200,0,Cash,Store,2
ORD11719,C0299,P15,2025-03-05,2,675,0.1,cash,store,3
ORD10772,C0167,P13,May 28 2024,3,200,0,Card,Store,
ORD10774,C0212,P02,06/07/2024,1,800,0,Cash,web,3
ORD11504,C0193,P02,Mar 25 2025,1,800,0,cash,App,3
ORD10996,C0175,P02,07/10/2024,2,KES 720,0.1,cash,Store,4
ORD10145,C0081,P17,Feb 20 2024,1,"2,380",0.15,cash,App,3
ORD11350,C0058,P20,May 10 2024,3,1100,0,M-Pesa,App,4
ORD11546,C0221,P16,Jan 19 2025,3,1200,0,mpesa,Web,4
ORD10521,C0042,P18,02/04/2025,4,KES 600,0,Cash,App,3
ORD11891,C0054,P13,16/04/2025,2,200,0,cash,web,5
ORD11417,C0176,P08,2024-10-09,1,1980,0.1,M-Pesa,Web,4
ORD10351,C0153,P12,08/06/2025,1,332,0.05,card,App,4
ORD10366,C0177,P08,May 25 2025,2,KES 2200,0,Mpesa,Web,4
ORD10582,C0043,P05,25/01/2025,2,"4,940",0.05,Card,App,3
ORD10824,C0168,P09,17/01/2025,1,KES 4200,0,Mpesa,Web,2
ORD11530,C0006,P04,2024-06-10,2,1710,0.05,mpesa,App,5
ORD10789,C0059,P01,2024-05-12,3,KES 3500,0,card,web,
ORD10008,C0226,P13,Oct 23 2024,3,KES 200,0,Card,store,3
ORD10522,C0221,P16,2024-10-26,3,1200,0,Cash,store,4
ORD11358,C0110,P16,18/02/2025,4,KES 1200,0,Card,app,4
ORD10259,C0261,P09,2024-12-05,4,4200,0,Mpesa,App,4
ORD11791,C0230,P03,12/03/2025,1,"2,375",0.05,M-Pesa,App,
ORD10033,C0061,P09,May 18 2024,1,3570,0.15,Mpesa,Store,4
ORD10334,C0046,P11,Jul 19 2024,3,1900,0,mpesa,Web,5
ORD10875,C0113,P20,Sep 1 2024,4,"1,100",0,cash,web,4
ORD11661,C0117,P06,May 16 2025,1,255,0.15,card,Store,4
ORD10831,C0062,P01,Apr 15 2025,1,"3,325",0.05,mpesa,Web,4
ORD10183,C0288,P16,04/03/2025,2,1080,0.1,Mpesa,App,5
ORD11651,C0270,P15,2024-02-07,1,750,0,mpesa,app,
ORD11172,C0131,P12,2024-09-23,1,350,0,card,Store,4
ORD10966,C0061,P03,23/09/2024,3,KES 2375,0.05,Cash,store,4
ORD10186,C0055,P11,May 9 2024,1,1805,0.05,mpesa,Web,3
ORD11330,C0274,P10,07/09/2024,4,700,0,cash,web,4
ORD11049,C0263,P18,Mar 18 2024,2,600,0,cash,Web,4
ORD11877,C0130,P13,21/08/2024,5,170,0.15,Cash,web,4
ORD11038,C0028,P08,05/03/2025,1,2200,0,Cash,Store,3
ORD11842,C0150,P16,01/03/2025,2,"1,020",0.15,Card,store,
ORD11337,C0266,P16,2025-05-15,2,KES 1200,0,M-Pesa,App,4
ORD10329,C0151,P20,Jul 26 2024,3,990,0.1,Mpesa,app,5
ORD10540,C0260,P15,2024-11-09,1,750,0,card,store,3
ORD11003,C0110,P13,Dec 10 2024,3,200,0,cash,Web,3
ORD10624,C0052,P13,Jan 21 2024,1,200,0,Card,Web,4
ORD10347,C0049,P19,Jun 10 2024,1,KES 1425,0.05,M-Pesa,App,4
ORD11114,C0142,P16,2024-10-14,1,"1,200",0,card,Store,4
ORD11072,C0021,P02,2024-05-08,3,800,0,cash,App,3
ORD11187,C0052,P13,01/09/2024,3,KES 200,0,Card,app,2
ORD11951,C0124,P19,13/12/2024,2,KES 1425,0.05,M-Pesa,App,3
ORD10332,C0132,P16,2024-04-11,2,1140,0.05,Cash,App,2
ORD10633,C0293,P09,2024-10-23,2,"3,990",0.05,card,app,5
ORD11065,C0024,P01,2024-09-26,5,"3,150",0.1,cash,Web,3
ORD10889,C0140,P17,2024-01-06,2,2800,0,Mpesa,web,3
ORD11106,C0044,P14,2025-02-21,4,"1,600",0,mpesa,App,4
ORD10365,C0273,P04,Jan 1 2025,1,1620,0.1,Cash,Store,4
ORD10240,C0126,P18,20/02/2025,5,KES 600,0,M-Pesa,Web,4
ORD11522,C0111,P03,02/01/2025,4,KES 2375,0.05,Mpesa,web,5
ORD10086,C0260,P08,22/03/2025,3,2200,0,Mpesa,web,4
ORD11244,C0101,P01,May 9 2024,3,KES 3500,0,Mpesa,web,2
ORD11861,C0199,P13,May 11 2024,1,190,0.05,M-Pesa,store,5
ORD10264,C0115,P08,24/03/2025,2,KES 2090,0.05,Card,web,4
ORD10548,C0287,P17,2024-03-19,4,KES 2660,0.05,cash,app,3
ORD11881,C0194,P01,2024-11-09,1,KES 3325,0.05,Card,Web,3
ORD11224,C0192,P19,Nov 19 2024,1,1500,0,Cash,Web,5
ORD10406,C0143,P05,Mar 16 2024,1,4940,0.05,card,store,3
ORD11328,C0212,P04,2024-06-15,4,1800,0,Cash,web,
ORD10969,C0081,P08,05/02/2024,3,2200,0,M-Pesa,store,1
ORD11619,C0265,P16,06/07/2024,1,"1,200",0,mpesa,app,
ORD11012,C0021,P04,11/08/2024,1,KES 1710,0.05,Card,store,5
ORD10701,C0207,P10,10/04/2024,1,665,0.05,Cash,Store,4
ORD10038,C0133,P12,2025-01-16,1,350,0,Card,Web,
ORD10335,C0275,P07,2025-01-22,5,KES 950,0,M-Pesa,app,2
ORD10470,C0144,P11,2025-04-28,1,KES 1900,0,Cash,Web,4
ORD11066,C0019,P12,Jun 16 2024,2,297,0.15,card,store,5
ORD10437,C0002,P15,2024-05-02,2,KES 750,0,Card,store,5
ORD11647,C0086,P20,23/12/2024,2,1100,0,M-Pesa,web,2
ORD10483,C0086,P05,Apr 16 2024,1,"5,200",0,card,App,3
ORD10687,C0106,P10,2024-06-02,1,595,0.15,M-Pesa,App,4
ORD11041,C0119,P18,22/08/2024,4,600,0,M-Pesa,App,5
ORD10105,C0228,P01,Oct 27 2024,1,"3,150",0.1,Card,Store,5
ORD10672,C0242,P10,19/12/2024,2,630,0.1,M-Pesa,app,4
ORD10481,C0171,P15,2024-05-01,5,750,0,M-Pesa,web,3
ORD10721,C0051,P19,Apr 22 2024,1,1500,0,cash,app,3
ORD10962,C0242,P20,18/07/2024,4,990,0.1,Mpesa,app,3
ORD11997,C0230,P04,24/11/2024,1,1800,0,Cash,App,4
ORD10957,C0009,P08,2025-04-21,1,2200,0,mpesa,store,3
ORD10053,C0270,P09,08/03/2025,2,3990,0.05,Cash,store,4
ORD11801,C0169,P08,Oct 26 2024,1,2090,0.05,Cash,App,4
ORD10602,C0279,P09,2024-07-23,2,"4,200",0,card,Web,
ORD10844,C0152,P04,14/07/2024,1,1800,0,M-Pesa,store,3
ORD10153,C0222,P18,Nov 15 2024,1,KES 570,0.05,M-Pesa,store,4
ORD11849,C0196,P01,Nov 14 2024,2,KES 3150,0.1,M-Pesa,Store,4
ORD11235,C0267,P06,Mar 23 2024,1,KES 270,0.1,M-Pesa,app,3
ORD10792,C0002,P14,2024-08-27,1,1600,0,card,store,3
ORD10247,C0011,P09,2024-12-08,3,3780,0.1,mpesa,Web,4
ORD11986,C0292,P12,Aug 27 2024,1,KES 350,0,card,store,4
ORD10884,C0265,P20,May 3 2025,3,KES 935,0.15,M-Pesa,Store,3
ORD10882,C0289,P08,16/03/2024,2,2200,0,Card,Web,3
ORD11068,C0071,P11,Jun 25 2025,3,1900,0,cash,app,4
ORD11077,C0279,P04,May 5 2024,1,1800,0,Cash,App,5
ORD10432,C0221,P16,2024-07-21,1,1020,0.15,Mpesa,Web,4
ORD10339,C0250,P13,Oct 1 2024,5,180,0.1,mpesa,app,3
ORD11629,C0165,P06,Nov 14 2024,1,KES 300,0,cash,web,2
ORD10496,C0239,P14,Feb 5 2025,2,"1,600",0,cash,web,3
ORD10773,C0210,P12,21/10/2024,1,350,0,cash,Store,4
ORD10224,C0251,P14,Jun 28 2024,1,1520,0.05,Cash,web,5
ORD10662,C0229,P19,2025-05-08,1,1425,0.05,Mpesa,Web,
ORD10303,C0300,P15,2025-01-23,2,KES 750,0,M-Pesa,Store,5
ORD11942,C0068,P15,2024-06-02,1,750,0,Mpesa,web,
ORD10632,C0041,P11,03/10/2024,2,1615,0.15,cash,web,4
ORD10277,C0169,P09,Oct 7 2024,3,KES 3780,0.1,cash,store,
ORD10154,C0265,P06,Apr 18 2025,1,285,0.05,card,store,2
ORD11797,C0153,P02,09/01/2024,1,760,0.05,Mpesa,App,4
ORD11225,C0204,P19,Feb 3 2025,4,1500,0,Cash,app,4
ORD10443,C0238,P14,10/01/2025,1,"1,600",0,mpesa,app,2
ORD11448,C0133,P01,May 4 2025,3,3325,0.05,Card,App,
ORD10741,C0049,P13,28/01/2025,3,KES 200,0,M-Pesa,App,3
ORD10571,C0210,P08,Jun 20 2024,2,"2,200",0,Mpesa,Store,4
ORD11926,C0008,P19,2024-02-28,2,"1,425",0.05,M-Pesa,app,4
ORD11404,C0271,P10,2024-09-16,4,665,0.05,card,Web,4
ORD10813,C0239,P05,25/03/2025,2,5200,0,mpesa,app,3
ORD10135,C0021,P03,24/11/2024,2,2500,0,Mpesa,Store,4
ORD10652,C0054,P05,22/09/2024,3,KES 4940,0.05,Mpesa,app,3
ORD10950,C0298,P04,22/08/2024,1,KES 1530,0.15,Mpesa,App,4
ORD10116,C0228,P14,Mar 5 2025,1,1360,0.15,Mpesa,web,3
ORD10970,C0231,P08,25/05/2024,1,2090,0.05,Mpesa,store,3
ORD11914,C0005,P02,Mar 2 2025,1,680,0.15,Card,web,4
ORD11180,C0033,P17,Jan 20 2025,2,2800,0,Cash,app,
ORD11483,C0271,P14,Jan 23 2024,3,1600,0,M-Pesa,Web,3
ORD11911,C0242,P01,21/05/2025,4,KES 3500,0,Cash,store,3
ORD10991,C0067,P12,2025-05-09,2,297,0.15,cash,Web,4
ORD11207,C0160,P18,02/03/2024,1,570,0.05,M-Pesa,web,3
ORD11202,C0191,P01,06/06/2024,3,3500,0,Cash,Web,3
ORD10158,C0015,P09,2024-09-01,2,3780,0.1,mpesa,Store,5
ORD10114,C0276,P15,Mar 2 2024,5,750,0,Card,web,
ORD11853,C0033,P12,07/01/2025,1,KES 350,0,card,store,5
ORD11237,C0269,P04,May 12 2025,2,1800,0,Card,Web,4
ORD10004,C0252,P16,2024-05-14,1,KES 1200,0,cash,web,5
ORD11133,C0182,P08,2024-04-14,1,"2,090",0.05,Card,Web,3
ORD10223,C0270,P13,Jun 16 2025,2,200,0,Card,store,4
ORD10459,C0059,P06,Nov 7 2024,2,300,0,mpesa,web,3
ORD10931,C0281,P03,2024-03-01,5,2250,0.1,cash,App,4
ORD10206,C0081,P20,2025-04-02,1,935,0.15,mpesa,App,4
ORD11754,C0194,P04,10/07/2024,1,KES 1800,0,Mpesa,App,
ORD10285,C0269,P03,28/03/2025,1,2500,0,Mpesa,Web,4
ORD10603,C0207,P14,24/02/2024,1,1600,0,Mpesa,app,2
ORD11039,C0088,P06,Mar 16 2024,1,KES 300,0,M-Pesa,store,4
ORD10468,C0057,P02,2024-10-06,1,760,0.05,M-Pesa,web,4
ORD10197,C0245,P15,16/01/2025,4,712,0.05,Cash,store,4
ORD10897,C0040,P20,28/10/2024,1,1100,0,mpesa,App,4
ORD11099,C0107,P18,26/01/2024,2,540,0.1,Mpesa,App,
ORD11370,C0259,P10,07/04/2024,2,630,0.1,Card,App,3
ORD11828,C0029,P14,13/03/2024,3,1600,0,M-Pesa,app,3
ORD10302,C0167,P13,2024-05-16,1,180,0.1,M-Pesa,Store,3
ORD11618,C0215,P03,Jun 20 2024,5,2500,0,card,web,2
ORD11640,C0022,P13,2025-01-21,1,200,0,mpesa,Web,4
ORD11510,C0194,P07,May 24 2024,2,855,0.1,Card,app,4
ORD11577,C0260,P14,2024-11-26,1,1520,0.05,Card,web,4
ORD10719,C0129,P12,19/03/2024,1,KES 350,0,card,app,2
ORD11641,C0280,P19,2024-04-04,1,1500,0,cash,store,
ORD10609,C0088,P02,14/01/2025,1,680,0.15,Mpesa,App,5
ORD10557,C0161,P04,2024-12-08,1,"1,800",0,mpesa,Store,3
ORD11995,C0265,P14,2025-02-15,2,1600,0,Cash,Web,4
ORD10665,C0244,P07,2024-04-19,2,950,0,cash,Web,5
ORD11057,C0127,P05,2025-06-27,3,KES 4940,0.05,card,Store,4
ORD11433,C0110,P06,2025-02-02,1,285,0.05,Card,Store,4
ORD10484,C0250,P09,Dec 28 2024,3,4200,0,M-Pesa,App,2
ORD11928,C0215,P15,Aug 8 2024,2,750,0,mpesa,Store,4
ORD10622,C0023,P07,Oct 13 2024,2,902,0.05,M-Pesa,App,3
ORD10393,C0299,P04,Jan 20 2025,4,KES 1710,0.05,cash,app,3
ORD10029,C0104,P03,2025-03-05,2,"2,250",0.1,Card,store,4
ORD10595,C0124,P18,Jan 10 2025,1,600,0,card,Web,3
ORD10256,C0034,P05,2024-02-22,4,5200,0,mpesa,app,3
ORD11490,C0219,P01,Jun 7 2025,2,3325,0.05,mpesa,app,4
ORD11961,C0299,P13,Feb 17 2024,3,190,0.05,cash,Store,4
ORD11818,C0124,P19,2024-06-13,4,KES 1500,0,cash,App,4
ORD11919,C0181,P19,06/01/2024,1,"1,500",0,Mpesa,Store,4
ORD10413,C0173,P15,Jan 2 2024,1,KES 675,0.1,card,web,4
ORD10578,C0218,P17,13/01/2024,1,2800,0,M-Pesa,web,4
ORD11332,C0284,P14,27/02/2024,2,"1,440",0.1,Cash,Web,4
ORD10359,C0049,P17,2024-12-02,4,"2,660",0.05,cash,app,5
ORD11907,C0278,P16,08/07/2024,1,"1,020",0.15,Cash,Web,4
ORD11983,C0020,P11,Oct 3 2024,3,1710,0.1,card,web,5
ORD11367,C0005,P15,15/10/2024,4,712,0.05,Mpesa,Store,3
ORD11825,C0149,P15,Oct 4 2024,3,712,0.05,cash,App,4
ORD11712,C0068,P08,08/04/2025,3,2200,0,Cash,App,2
ORD10865,C0262,P16,Jan 18 2025,3,KES 1200,0,Card,App,3
ORD10006,C0195,P11,2025-01-26,2,1900,0,Card,app,2
ORD10461,C0109,P17,Jul 26 2024,1,2660,0.05,card,store,3
ORD10821,C0149,P16,2024-01-02,2,1200,0,Mpesa,web,4
ORD10926,C0297,P09,2025-01-13,1,4200,0,M-Pesa,Web,4
ORD10390,C0024,P18,2024-08-28,1,KES 510,0.15,cash,web,4
ORD10560,C0152,P04,Apr 24 2024,2,1800,0,mpesa,Web,5
ORD11060,C0259,P04,Jun 13 2025,3,"1,800",0,M-Pesa,Store,3
ORD11956,C0014,P09,2025-01-01,1,4200,0,card,Store,2
ORD11534,C0100,P08,2024-07-05,4,2200,0,mpesa,Store,
ORD10807,C0296,P11,2024-07-19,4,KES 1805,0.05,cash,web,3
ORD10745,C0256,P06,Jun 5 2025,1,270,0.1,card,web,3
ORD10044,C0032,P03,Jul 5 2024,3,KES 2250,0.1,Card,Store,
ORD10986,C0088,P19,08/01/2025,3,1500,0,card,App,3
ORD11554,C0095,P03,2025-04-24,3,KES 2500,0,Mpesa,App,
ORD10509,C0260,P17,Sep 12 2024,1,2380,0.15,M-Pesa,Web,4
ORD10647,C0235,P12,2024-08-11,1,297,0.15,M-Pesa,Web,3
ORD11505,C0217,P15,01/03/2025,1,KES 750,0,M-Pesa,Store,4
ORD10024,C0100,P11,Nov 5 2024,4,1900,0,cash,Store,4
ORD10887,C0241,P14,2024-06-23,1,1600,0,cash,Web,3
ORD10041,C0034,P11,Jul 14 2024,3,"1,805",0.05,card,store,4
ORD10433,C0141,P13,2024-03-17,1,180,0.1,Mpesa,Web,3
ORD11839,C0274,P11,2024-04-25,1,1710,0.1,Card,store,4
ORD10013,C0159,P15,2024-10-07,2,750,0,M-Pesa,app,5
ORD11418,C0054,P20,21/03/2025,5,990,0.1,cash,App,3
ORD11585,C0184,P19,Feb 3 2025,2,"1,500",0,cash,Store,4
ORD11167,C0044,P15,22/03/2025,4,KES 750,0,Card,web,3
ORD11649,C0208,P01,17/05/2024,1,3500,0,M-Pesa,App,3
ORD10515,C0271,P16,12/07/2024,3,KES 1200,0,cash,Web,4
ORD10925,C0238,P20,09/08/2024,4,1100,0,cash,web,4
ORD10193,C0152,P19,17/02/2024,2,1500,0,M-Pesa,app,5
ORD11939,C0018,P07,Oct 11 2024,2,950,0,Card,app,2
ORD11219,C0174,P02,25/03/2025,1,KES 800,0,cash,web,3
ORD10841,C0192,P18,Jan 12 2025,2,600,0,Cash,Web,5
ORD10736,C0255,P19,12/02/2025,1,KES 1500,0,M-Pesa,store,2
ORD10043,C0091,P10,25/01/2025,1,630,0.1,Card,store,5
ORD10167,C0052,P06,Sep 27 2024,2,285,0.05,Card,store,3
ORD11852,C0111,P17,02/05/2025,2,2660,0.05,mpesa,web,3
ORD10229,C0259,P15,Mar 3 2025,2,712,0.05,Card,web,4
ORD11365,C0078,P13,2025-01-13,1,200,0,card,Web,3
ORD10209,C0225,P15,2024-04-28,5,712,0.05,card,Web,3
ORD10722,C0021,P12,Mar 21 2025,4,350,0,Cash,Web,5
ORD11377,C0134,P19,10/07/2024,3,1425,0.05,card,Web,4
ORD10808,C0251,P19,2025-04-11,4,1350,0.1,Card,Store,4
ORD11736,C0158,P05,2025-01-07,3,"5,200",0,Cash,store,3
ORD11251,C0286,P12,2025-02-25,3,350,0,Mpesa,store,3
ORD11455,C0197,P19,May 15 2024,3,1500,0,Cash,store,4
ORD10485,C0266,P01,05/05/2024,5,3325,0.05,M-Pesa,web,3
ORD10830,C0098,P14,05/12/2024,2,1600,0,cash,web,4
ORD10432,C0221,P16,2024-07-21,1,1020,0.15,Mpesa,Web,4
ORD10419,C0023,P19,01/04/2025,1,"1,275",0.15,Card,Store,5
ORD10960,C0077,P01,2024-11-06,3,"3,500",0,Cash,app,3
ORD10188,C0196,P03,2025-01-07,1,2375,0.05,cash,app,3
ORD11864,C0036,P12,2024-02-08,1,350,0,cash,web,4
ORD10101,C0059,P16,Jul 9 2024,3,1200,0,mpesa,Web,4
ORD10506,C0228,P02,Dec 17 2024,6,KES 800,0,mpesa,store,4
ORD11890,C0286,P19,24/04/2024,3,1500,0,cash,store,4
ORD10699,C0001,P10,Apr 22 2025,2,700,0,card,store,4
ORD11175,C0264,P05,2024-02-23,1,5200,0,M-Pesa,App,2
ORD11408,C0046,P11,May 27 2025,2,"1,805",0.05,Mpesa,web,4
ORD10456,C0099,P09,Jun 26 2024,1,"3,990",0.05,Mpesa,web,4
ORD10405,C0076,P11,2024-05-16,1,1805,0.05,card,app,2
ORD11600,C0182,P08,25/02/2025,1,2090,0.05,Mpesa,app,
ORD11263,C0065,P03,Jun 1 2024,1,"2,500",0,cash,Store,2
ORD10261,C0150,P12,Jan 8 2024,2,350,0,Card,App,3
ORD10362,C0094,P15,2024-12-27,5,637,0.15,Cash,Web,3
ORD10281,C0296,P05,2024-10-11,100,4680,0.1,Card,store,4
ORD10012,C0195,P02,Jun 6 2024,4,760,0.05,Card,App,5
ORD11645,C0286,P20,2024-10-03,2,1100,0,Cash,Store,5
ORD10735,C0117,P12,2025-06-27,3,350,0,card,app,2
ORD10292,C0085,P09,13/07/2024,2,4200,0,cash,web,3
ORD10216,C0284,P10,13/11/2024,60,KES 630,0.1,card,Store,4
ORD10057,C0143,P09,2024-05-24,2,KES 4200,0,card,store,3
ORD11518,C0062,P16,04/04/2024,2,"1,200",0,cash,Store,3
ORD10071,C0200,P09,May 17 2024,3,4200,0,Card,app,3
ORD11023,C0137,P03,2025-06-03,1,2500,0,card,app,4
ORD10816,C0166,P19,2024-02-03,4,KES 1425,0.05,M-Pesa,Store,4
ORD11025,C0205,P18,17/05/2024,1,600,0,cash,Web,5
ORD10867,C0123,P19,Jul 17 2024,1,1350,0.1,mpesa,App,3
ORD10174,C0196,P05,2025-02-14,4,4420,0.15,cash,web,4
ORD11674,C0152,P07,2024-05-04,1,950,0,Cash,Web,4
ORD10070,C0053,P02,Mar 21 2024,1,760,0.05,M-Pesa,store,5
ORD11336,C0196,P07,10/07/2024,100,855,0.1,mpesa,Store,4
ORD10464,C0068,P13,04/02/2024,4,200,0,mpesa,App,3
ORD11485,C0017,P01,2024-07-08,1,3150,0.1,Cash,Web,3
ORD11549,C0089,P01,2025-05-25,1,"3,325",0.05,mpesa,web,5
ORD11286,C0200,P08,Apr 13 2025,4,1980,0.1,mpesa,Web,4
ORD10775,C0198,P19,Jun 5 2024,1,1500,0,card,web,4
ORD10938,C0267,P18,Apr 4 2024,2,600,0,cash,store,2
ORD10644,C0205,P10,Jan 13 2024,2,700,0,Card,app,4
ORD10060,C0177,P02,Sep 24 2024,3,KES 800,0,Card,store,3
ORD11383,C0200,P10,Jun 8 2025,1,700,0,mpesa,web,3
ORD10141,C0256,P01,Jun 20 2024,1,3500,0,cash,Web,3
ORD11400,C0151,P13,Sep 27 2024,3,200,0,card,App,2
ORD11047,C0278,P10,02/06/2025,4,700,0,card,store,3
ORD10237,C0122,P16,02/05/2025,3,1200,0,card,app,5
ORD10601,C0079,P06,May 15 2024,1,300,0,mpesa,Web,2
ORD11142,C0165,P18,09/05/2025,1,540,0.1,Mpesa,App,5
ORD11352,C0229,P05,2025-02-21,2,KES 4940,0.05,M-Pesa,store,2
ORD10709,C0186,P18,2024-08-06,2,KES 600,0,Cash,store,3
ORD10579,C0209,P18,08/09/2024,2,600,0,Card,store,3
ORD11638,C0168,P19,Jan 24 2025,4,"1,275",0.15,M-Pesa,web,5
ORD11941,C0036,P18,2024-05-02,1,KES 600,0,cash,Store,4
ORD11671,C0145,P19,2025-03-07,1,KES 1425,0.05,card,store,3
ORD10591,C0099,P09,10/10/2024,3,4200,0,mpesa,Store,4
ORD11480,C0116,P11,Oct 9 2024,2,1710,0.1,card,Web,4
ORD10697,C0018,P05,2025-02-17,1,KES 5200,0,M-Pesa,Web,2
ORD10377,C0135,P08,Feb 23 2025,1,KES 1980,0.1,Mpesa,Store,4
ORD11889,C0109,P08,20/01/2024,4,"1,870",0.15,Mpesa,Web,4
ORD11819,C0017,P07,Apr 10 2024,3,950,0,M-Pesa,web,2
ORD10063,C0051,P09,Jan 22 2025,2,KES 4200,0,card,App,4
ORD11863,C0175,P07,13/06/2024,4,KES 950,0,mpesa,App,3
ORD11230,C0077,P08,Aug 2 2024,1,2200,0,cash,store,3
ORD11804,C0300,P04,May 8 2024,1,1710,0.05,card,Store,4
ORD10516,C0225,P14,2025-01-16,4,1600,0,card,Store,3
ORD11282,C0287,P06,25/03/2024,5,285,0.05,cash,app,3
ORD11663,C0030,P15,Nov 7 2024,2,KES 712,0.05,M-Pesa,Web,3
ORD11929,C0177,P03,2024-10-27,2,2500,0,mpesa,App,3
ORD11667,C0087,P20,2025-05-24,3,1100,0,cash,store,4
ORD10172,C0087,P02,2025-01-19,2,800,0,Cash,Store,
ORD11725,C0299,P14,10/01/2025,1,1600,0,Cash,App,3
ORD10152,C0049,P19,Nov 3 2024,1,"1,500",0,card,App,3
ORD10117,C0156,P16,25/05/2025,5,1020,0.15,M-Pesa,app,5
ORD11335,C0011,P12,22/10/2024,1,350,0,card,store,3
ORD10801,C0008,P14,01/06/2024,1,1600,0,Mpesa,App,2
ORD10580,C0202,P12,15/06/2025,3,350,0,card,Web,5
ORD11662,C0269,P05,Jan 9 2024,3,"4,680",0.1,Mpesa,app,4
ORD10363,C0157,P14,2024-11-08,3,KES 1600,0,card,Web,3
ORD10947,C0268,P09,Jul 20 2024,2,4200,0,Mpesa,Store,3
ORD11466,C0168,P12,2024-01-20,1,KES 350,0,M-Pesa,App,4
ORD11184,C0102,P01,Mar 11 2025,3,3500,0,Card,Web,2
ORD11122,C0102,P15,14/03/2025,2,750,0,Mpesa,web,3
ORD10291,C0112,P16,2025-02-03,5,"1,020",0.15,Card,app,4
ORD10408,C0298,P14,2025-05-01,2,1520,0.05,mpesa,Store,4
ORD11936,C0165,P15,Jul 19 2024,2,750,0,Card,Web,4
ORD11446,C0298,P03,Jun 20 2024,3,2500,0,mpesa,app,3
ORD10466,C0063,P12,Apr 23 2024,1,350,0,Mpesa,web,4
ORD11593,C0046,P03,Feb 4 2025,2,2500,0,cash,Web,3
ORD10713,C0201,P19,2024-07-09,1,1500,0,M-Pesa,store,3
ORD11657,C0124,P07,23/07/2024,4,KES 902,0.05,cash,store,3
ORD11140,C0033,P03,08/10/2024,1,KES 2500,0,cash,web,5
ORD11599,C0230,P01,May 5 2024,4,"3,500",0,M-Pesa,App,4
ORD11631,C0250,P02,May 2 2025,3,KES 800,0,M-Pesa,store,3
ORD10385,C0099,P14,Jun 28 2025,3,"1,520",0.05,mpesa,app,5
ORD10613,C0225,P20,2025-03-16,2,"1,045",0.05,Cash,App,4
ORD10463,C0088,P20,Nov 1 2024,2,1100,0,Card,App,3
ORD10367,C0188,P05,06/05/2025,1,5200,0,mpesa,store,5
ORD11357,C0224,P08,Aug 28 2024,1,1980,0.1,Cash,web,4
ORD10848,C0043,P08,Apr 10 2024,2,2200,0,Mpesa,Store,4
ORD10563,C0005,P08,07/05/2024,2,2200,0,Mpesa,app,4
ORD11234,C0203,P02,2024-08-23,5,760,0.05,mpesa,App,5
ORD10600,C0242,P20,02/03/2025,2,990,0.1,card,store,4
ORD10952,C0229,P05,May 22 2024,3,"4,680",0.1,Card,store,3
ORD11425,C0018,P07,Oct 3 2024,4,902,0.05,Mpesa,Store,4
ORD10849,C0211,P04,Jan 1 2024,2,1710,0.05,M-Pesa,Store,4
ORD11278,C0087,P05,10/03/2025,1,4680,0.1,Cash,store,3
ORD10829,C0006,P09,2024-01-06,1,4200,0,mpesa,web,3
ORD11248,C0012,P06,Mar 13 2024,2,285,0.05,cash,web,4
ORD10304,C0064,P10,2024-08-10,3,KES 665,0.05,Card,web,4
ORD11318,C0161,P05,Sep 21 2024,1,5200,0,Card,App,4
ORD10165,C0199,P01,2025-01-27,4,"3,500",0,Mpesa,web,4
ORD10231,C0159,P18,Apr 18 2024,2,510,0.15,card,Store,5
ORD11680,C0167,P17,Feb 22 2025,2,KES 2800,0,M-Pesa,Store,3
ORD11672,C0293,P16,Jun 23 2025,3,1200,0,M-Pesa,Store,4
ORD11993,C0208,P11,2024-02-07,1,1900,0,cash,Store,3
ORD11934,C0065,P13,2024-11-14,3,200,0,Cash,Web,4
ORD10105,C0228,P01,Oct 27 2024,1,"3,150",0.1,Card,Store,5
ORD10306,C0013,P08,Nov 26 2024,1,KES 2200,0,card,app,5
ORD10050,C0071,P14,Mar 14 2025,4,1360,0.15,Card,App,4
ORD10561,C0114,P03,Nov 24 2024,1,2500,0,Cash,store,1
ORD11590,C0212,P10,2024-02-21,2,700,0,Mpesa,app,3
ORD10288,C0033,P13,2024-08-24,2,180,0.1,Cash,app,3
ORD10839,C0072,P07,Jan 17 2025,1,950,0,card,Web,3
ORD10890,C0124,P20,Dec 6 2024,3,1100,0,M-Pesa,app,
ORD11613,C0219,P14,2024-04-13,2,1440,0.1,Cash,App,4
ORD10096,C0286,P01,Feb 16 2025,4,"3,500",0,Mpesa,store,3
ORD11766,C0182,P08,2025-05-03,1,KES 2090,0.05,M-Pesa,app,3
ORD10426,C0132,P15,May 14 2024,4,KES 750,0,Card,App,
ORD10067,C0240,P03,22/03/2025,4,"2,500",0,Mpesa,Web,3
ORD11119,C0064,P09,Feb 18 2024,1,4200,0,cash,store,2
ORD10555,C0119,P10,Apr 19 2025,1,630,0.1,mpesa,App,3
ORD11151,C0161,P08,19/02/2025,5,"2,200",0,mpesa,Store,4
ORD10965,C0006,P19,2025-02-15,1,1500,0,mpesa,web,
ORD10382,C0156,P04,26/04/2024,2,"1,710",0.05,Mpesa,store,4
ORD11742,C0239,P19,2024-11-10,1,1425,0.05,Card,store,3
ORD10712,C0035,P02,08/02/2025,1,KES 800,0,Cash,app,5
ORD11441,C0116,P10,2024-10-12,4,700,0,Cash,app,3
ORD11636,C0030,P18,2024-05-24,4,600,0,Cash,web,4
ORD10111,C0260,P11,Oct 19 2024,2,KES 1615,0.15,cash,Store,2
ORD11055,C0292,P02,Jan 6 2024,2,720,0.1,cash,App,3
ORD11103,C0061,P05,18/09/2024,1,5200,0,mpesa,web,
ORD10431,C0020,P18,2024-05-19,4,600,0,M-Pesa,App,3
ORD11118,C0213,P14,02/04/2024,1,1600,0,Cash,app,3
ORD11787,C0199,P03,2025-02-11,2,2500,0,Cash,App,3
ORD10494,C0129,P05,2025-02-18,2,5200,0,cash,app,2
ORD11199,C0091,P17,26/06/2024,4,2520,0.1,M-Pesa,Web,4
ORD11419,C0022,P12,05/04/2024,1,KES 350,0,M-Pesa,App,5
ORD10404,C0179,P04,2024-09-03,4,KES 1530,0.15,cash,store,5
ORD10493,C0155,P20,Oct 26 2024,1,KES 990,0.1,Cash,web,5
ORD11217,C0001,P03,19/05/2024,1,2375,0.05,M-Pesa,web,3
ORD10835,C0025,P10,06/12/2024,2,700,0,Cash,Store,2
ORD10901,C0170,P15,20/09/2024,1,750,0,Card,web,3
ORD10682,C0276,P16,2024-10-25,2,KES 1140,0.05,cash,Store,
ORD10398,C0007,P02,2024-05-01,1,800,0,cash,store,3
ORD10212,C0175,P10,2025-05-08,1,665,0.05,cash,web,3
ORD11021,C0186,P08,27/05/2025,1,2090,0.05,mpesa,app,3
ORD10173,C0223,P15,28/04/2025,1,750,0,Cash,app,
ORD10453,C0248,P20,2025-06-04,1,1100,0,card,Web,4
ORD10189,C0146,P05,Apr 10 2024,1,KES 4940,0.05,mpesa,store,3
ORD11594,C0088,P16,2025-01-20,1,1200,0,M-Pesa,store,4
ORD11373,C0092,P09,2025-06-08,3,KES 4200,0,cash,store,4
ORD10061,C0200,P16,26/09/2024,1,1200,0,Cash,App,4
ORD10273,C0104,P15,2024-08-19,1,675,0.1,mpesa,Store,4
ORD10331,C0046,P04,11/02/2025,5,"1,530",0.15,Mpesa,store,4
ORD11300,C0279,P14,03/04/2025,2,KES 1600,0,Card,App,5
ORD10203,C0254,P20,07/12/2024,3,"1,100",0,Card,web,3
ORD11287,C0121,P01,2025-04-10,2,"3,500",0,Mpesa,Web,3
ORD11104,C0109,P01,02/09/2024,4,3325,0.05,mpesa,Store,5
ORD10267,C0012,P06,Sep 13 2024,4,285,0.05,mpesa,web,4
ORD11897,C0038,P10,13/04/2024,3,595,0.15,card,Store,5
ORD10028,C0140,P14,2024-03-10,2,1600,0,mpesa,Web,4
ORD11126,C0029,P06,2024-01-18,2,KES 300,0,mpesa,store,5
ORD11731,C0060,P18,24/07/2024,2,600,0,Card,app,3
ORD11227,C0292,P10,2024-10-08,2,700,0,Card,app,4
ORD11875,C0293,P07,Sep 28 2024,3,KES 950,0,Mpesa,App,4
ORD10082,C0298,P02,2024-05-16,1,760,0.05,M-Pesa,web,4
ORD10508,C0072,P09,Oct 20 2024,4,KES 3780,0.1,card,store,2
ORD10825,C0022,P13,Apr 19 2024,3,200,0,cash,store,3
ORD11346,C0058,P12,2025-06-01,1,350,0,card,App,3
ORD11582,C0275,P06,2025-04-25,1,285,0.05,M-Pesa,app,5
ORD10866,C0047,P16,28/11/2024,2,KES 1200,0,mpesa,App,2
ORD10860,C0066,P17,May 8 2024,4,2800,0,cash,store,4
ORD10850,C0093,P15,2024-09-19,2,637,0.15,Mpesa,app,4
ORD10744,C0001,P17,2024-01-28,1,KES 2800,0,Mpesa,store,4
ORD10802,C0173,P07,07/01/2024,2,855,0.1,Card,app,4
ORD11159,C0069,P11,2024-03-23,1,1900,0,mpesa,Store,3
ORD10552,C0286,P08,2024-10-24,1,1980,0.1,Cash,App,3
ORD11706,C0269,P03,03/06/2025,2,2250,0.1,mpesa,app,4
ORD11695,C0072,P11,07/05/2025,1,KES 1900,0,M-Pesa,web,2
ORD11732,C0040,P01,2024-05-02,5,KES 3150,0.1,Mpesa,store,3
ORD11117,C0300,P03,2025-05-01,1,2250,0.1,mpesa,app,3
ORD10346,C0060,P03,19/04/2024,2,"2,500",0,Cash,store,4
ORD11526,C0081,P16,Jun 12 2024,2,1080,0.1,mpesa,Store,5
ORD11307,C0125,P09,09/09/2024,2,"4,200",0,M-Pesa,Store,2
ORD11351,C0084,P20,24/09/2024,2,1100,0,M-Pesa,app,4
ORD10460,C0161,P04,Jan 8 2024,60,1800,0,Card,App,3
ORD11406,C0296,P08,2025-04-27,3,KES 1870,0.15,cash,Web,4
ORD11777,C0043,P01,2024-02-02,3,2975,0.15,cash,app,5
ORD11156,C0015,P14,May 5 2024,1,KES 1600,0,cash,app,3
ORD10667,C0154,P09,Jun 10 2025,1,4200,0,M-Pesa,web,4
ORD10545,C0041,P03,24/08/2024,2,2375,0.05,cash,Store,4
ORD11381,C0060,P11,2024-12-14,3,KES 1900,0,cash,web,4
ORD10533,C0173,P09,14/07/2024,3,3780,0.1,cash,Web,4
ORD11493,C0132,P10,2024-07-06,3,630,0.1,Card,Store,5
ORD10078,C0073,P16,Jan 6 2024,2,1200,0,mpesa,Web,3
ORD10293,C0204,P02,Jan 22 2024,1,800,0,Card,app,2
ORD10286,C0067,P18,07/02/2025,2,510,0.15,cash,store,5
ORD10528,C0228,P10,Dec 18 2024,4,700,0,M-Pesa,App,4
ORD10893,C0189,P10,2024-04-12,2,700,0,Card,web,4
ORD11322,C0111,P07,2024-01-23,1,950,0,cash,app,3
ORD10732,C0248,P15,Feb 13 2025,2,750,0,Cash,App,4
ORD11013,C0282,P17,May 20 2024,2,2660,0.05,M-Pesa,Web,3
ORD10645,C0097,P01,Aug 20 2024,1,2975,0.15,M-Pesa,App,5
ORD10279,C0263,P05,Jan 8 2025,1,5200,0,Cash,app,3
ORD11746,C0164,P14,2024-10-27,1,KES 1440,0.1,cash,app,3
ORD11684,C0221,P09,Jan 26 2024,1,KES 4200,0,mpesa,store,2
ORD11792,C0196,P01,2025-04-04,1,3500,0,cash,app,5
ORD10403,C0078,P06,Feb 5 2025,2,285,0.05,card,App,4
ORD11622,C0183,P03,09/04/2025,2,2500,0,Mpesa,App,3
ORD10937,C0182,P01,11/12/2024,3,3500,0,Mpesa,Web,4
ORD11289,C0198,P03,11/11/2024,3,2500,0,cash,web,4
ORD10691,C0062,P16,Dec 3 2024,4,"1,200",0,Card,App,3
ORD10559,C0014,P12,Jul 15 2024,1,KES 350,0,cash,app,3
ORD11659,C0193,P20,Jun 20 2024,1,KES 990,0.1,Mpesa,store,4
ORD11885,C0143,P03,Nov 20 2024,2,2375,0.05,card,store,
ORD11677,C0083,P11,Jan 3 2025,3,KES 1805,0.05,Mpesa,web,3
ORD11596,C0095,P09,Nov 1 2024,5,"3,780",0.1,cash,store,4
ORD10386,C0061,P14,Mar 9 2024,2,KES 1360,0.15,mpesa,Web,4
ORD11288,C0037,P08,Jan 19 2025,1,2200,0,Cash,App,
ORD10330,C0045,P10,2025-06-18,5,KES 630,0.1,Mpesa,web,5
ORD11092,C0274,P13,01/02/2024,3,190,0.05,Mpesa,app,4
ORD11998,C0040,P18,May 19 2025,2,KES 600,0,Mpesa,App,3
ORD11726,C0200,P06,21/04/2024,1,300,0,Cash,Store,3
ORD11149,C0026,P04,Apr 2 2024,2,1710,0.05,mpesa,web,3
ORD11362,C0198,P04,Feb 18 2024,2,1800,0,cash,store,3
ORD11966,C0109,P17,2024-02-21,1,2800,0,M-Pesa,app,5
ORD10724,C0184,P12,21/12/2024,5,KES 332,0.05,Mpesa,Store,3
ORD11566,C0215,P18,Feb 3 2024,1,600,0,M-Pesa,Store,2
ORD10090,C0242,P19,2025-04-12,1,1500,0,Cash,web,3
ORD10907,C0278,P17,2024-12-03,3,KES 2800,0,card,app,3
ORD10597,C0092,P01,Dec 20 2024,6,KES 3500,0,Card,App,3
ORD10439,C0258,P04,Apr 12 2025,2,1800,0,card,App,2
ORD11635,C0161,P08,Apr 12 2025,2,"1,870",0.15,mpesa,app,5
ORD10535,C0122,P05,Jan 8 2024,1,"5,200",0,mpesa,Store,3
ORD11714,C0116,P07,2024-11-25,1,KES 855,0.1,M-Pesa,App,3
ORD11572,C0045,P17,2024-12-23,5,2800,0,M-Pesa,Store,4
ORD10069,C0092,P16,2024-04-21,1,1200,0,Cash,App,3
ORD10270,C0097,P18,Oct 28 2024,3,600,0,Mpesa,store,4
ORD11557,C0243,P14,2024-05-12,1,1600,0,card,App,
ORD11372,C0088,P04,2024-02-20,1,1800,0,cash,Store,3
ORD10749,C0022,P12,Feb 22 2024,4,315,0.1,cash,Store,5
ORD11915,C0251,P05,Nov 21 2024,1,5200,0,Mpesa,Store,3
ORD11559,C0211,P04,2024-01-23,2,1800,0,mpesa,web,4
ORD10905,C0267,P09,Aug 11 2024,1,"4,200",0,Card,store,2
ORD10968,C0001,P14,2024-12-19,5,"1,600",0,Mpesa,web,3
ORD11361,C0033,P17,2025-04-23,1,2660,0.05,Card,app,2
ORD10025,C0172,P15,Feb 19 2025,4,750,0,card,Store,4
ORD10399,C0044,P07,06/05/2024,2,950,0,Card,web,3
ORD10157,C0126,P10,2025-03-02,2,KES 700,0,mpesa,web,3
ORD11213,C0187,P13,2024-06-20,1,180,0.1,cash,App,3
ORD10751,C0150,P14,04/01/2025,2,1600,0,card,app,2
ORD11988,C0218,P06,May 18 2025,3,KES 300,0,Mpesa,App,4
ORD10851,C0151,P06,2024-02-05,1,KES 300,0,Card,app,3
ORD11378,C0258,P16,2024-01-01,2,KES 1200,0,Card,App,5
ORD10233,C0297,P15,02/03/2024,3,750,0,mpesa,app,4
ORD10467,C0046,P07,2024-12-28,5,807,0.15,cash,Web,5
ORD10942,C0049,P09,02/11/2024,1,"4,200",0,cash,Store,3
ORD11760,C0243,P12,25/08/2024,1,332,0.05,Card,store,
ORD10011,C0064,P03,23/04/2024,3,KES 2500,0,Card,Store,4
ORD11116,C0103,P20,13/01/2025,1,KES 935,0.15,M-Pesa,App,5
ORD11319,C0033,P15,2024-09-11,1,KES 750,0,Mpesa,Store,3
ORD11477,C0158,P14,Jan 11 2025,2,1600,0,cash,App,3
ORD11019,C0207,P19,Jun 1 2025,5,1425,0.05,Mpesa,app,2
ORD11470,C0024,P10,2024-06-13,4,700,0,card,Web,4
ORD10064,C0093,P11,15/06/2025,40,KES 1900,0,Cash,App,4
ORD11451,C0294,P17,2025-02-28,1,KES 2800,0,M-Pesa,web,4
ORD11157,C0173,P10,2024-02-12,1,665,0.05,M-Pesa,store,4
ORD10581,C0160,P11,2024-05-06,3,1900,0,card,web,4
ORD11949,C0187,P14,2025-04-27,1,KES 1600,0,Card,app,2
ORD11664,C0002,P13,Oct 21 2024,5,KES 200,0,Mpesa,app,4
ORD10230,C0203,P11,Jun 6 2025,1,1900,0,card,store,3
ORD10688,C0162,P08,25/07/2024,1,1870,0.15,Mpesa,app,4
ORD11859,C0244,P02,07/11/2024,4,KES 680,0.15,mpesa,App,3
ORD10868,C0218,P07,18/05/2024,3,KES 950,0,cash,app,3
ORD10232,C0097,P16,2025-05-26,4,KES 1020,0.15,cash,store,4
ORD10928,C0027,P16,Jul 13 2024,2,"1,140",0.05,Mpesa,Store,5
ORD10704,C0247,P16,2024-12-15,3,"1,020",0.15,Cash,Store,4
ORD10650,C0241,P13,Mar 20 2024,3,180,0.1,Card,app,3
ORD10820,C0022,P08,Aug 21 2024,4,2200,0,M-Pesa,Store,3
ORD11304,C0057,P06,28/05/2025,1,300,0,card,Store,3
ORD11145,C0294,P18,28/02/2024,2,570,0.05,cash,Store,
ORD10912,C0045,P02,2024-06-20,4,KES 800,0,cash,web,
ORD10618,C0285,P12,Jan 16 2024,2,350,0,cash,app,3
ORD10940,C0133,P13,16/05/2024,1,170,0.15,Card,Web,5
ORD10194,C0292,P09,2024-12-26,1,4200,0,M-Pesa,Web,3
ORD11341,C0294,P06,28/05/2024,2,KES 300,0,M-Pesa,web,3
ORD10076,C0158,P16,Jun 11 2025,5,1020,0.15,Card,Web,5
ORD11439,C0096,P04,23/01/2024,3,1620,0.1,cash,Web,
ORD10626,C0172,P18,2024-12-05,1,600,0,Cash,Store,3
ORD11977,C0245,P05,Apr 1 2024,2,KES 5200,0,mpesa,web,5
ORD10109,C0190,P06,2024-07-12,2,300,0,Card,Store,4
ORD11342,C0163,P11,Jan 6 2025,1,"1,805",0.05,Cash,web,4
ORD10236,C0153,P13,2024-04-04,1,KES 200,0,Mpesa,Store,3
ORD10843,C0157,P08,2025-01-27,1,2090,0.05,M-Pesa,Web,4
ORD11074,C0094,P04,23/10/2024,1,KES 1800,0,Card,store,3
ORD10769,C0177,P15,2025-04-12,4,KES 750,0,mpesa,store,3
ORD10891,C0070,P01,Oct 13 2024,2,3325,0.05,card,app,2
ORD10551,C0221,P01,13/06/2024,5,"3,150",0.1,Mpesa,app,3
ORD10896,C0067,P14,12/02/2024,1,1520,0.05,Cash,app,4
ORD10916,C0159,P11,2024-07-04,1,1900,0,Card,web,4
ORD11189,C0271,P08,2025-06-19,2,1980,0.1,card,store,4
ORD11423,C0180,P04,2024-08-15,3,1800,0,M-Pesa,app,2
ORD11858,C0292,P19,2025-04-22,3,KES 1500,0,Card,Web,3
ORD11981,C0158,P15,Feb 22 2025,1,750,0,Cash,Web,3
ORD11489,C0002,P16,08/05/2024,3,1200,0,Card,Web,4
ORD11599,C0230,P01,May 5 2024,4,"3,500",0,M-Pesa,App,4
ORD10608,C0140,P07,12/06/2024,5,950,0,cash,store,4
ORD11371,C0300,P18,Jan 6 2024,1,570,0.05,M-Pesa,App,4
ORD10754,C0269,P06,May 8 2025,1,270,0.1,M-Pesa,store,5
ORD11611,C0279,P16,May 11 2024,1,1200,0,mpesa,web,4
ORD11673,C0162,P11,2024-01-07,4,1710,0.1,cash,app,4
ORD11154,C0211,P02,14/11/2024,3,800,0,cash,app,4
ORD11855,C0265,P11,Jan 15 2025,1,"1,710",0.1,M-Pesa,Web,4
ORD11933,C0248,P16,Apr 5 2024,2,1200,0,Cash,app,3
ORD11305,C0287,P19,22/11/2024,2,KES 1500,0,mpesa,App,5
ORD10202,C0249,P17,Apr 9 2025,1,2800,0,Card,Web,2
ORD10361,C0074,P13,2024-09-23,1,170,0.15,Cash,app,4
ORD10255,C0225,P04,02/03/2025,2,"1,800",0,cash,store,3
ORD10693,C0154,P08,01/03/2024,2,"1,980",0.1,M-Pesa,web,4
ORD10411,C0191,P02,2024-04-28,2,720,0.1,Mpesa,App,5
ORD11468,C0090,P07,May 1 2024,2,902,0.05,card,store,4
ORD10434,C0048,P14,Nov 18 2024,5,KES 1600,0,Cash,app,4
ORD10599,C0018,P09,Apr 9 2025,1,3990,0.05,card,Web,4
ORD11123,C0249,P10,2024-02-27,2,700,0,Card,web,3
ORD11550,C0164,P12,2024-03-01,3,KES 350,0,mpesa,store,4
ORD10242,C0274,P19,09/03/2024,1,KES 1500,0,card,Store,4
ORD10592,C0278,P07,Mar 5 2024,2,950,0,mpesa,Store,4
ORD11258,C0103,P18,2024-11-15,3,570,0.05,Cash,Web,4
ORD10939,C0163,P08,2024-10-04,2,"2,200",0,Cash,web,3
ORD11917,C0012,P06,2025-06-03,1,300,0,card,App,5
ORD11429,C0018,P12,Mar 2 2025,60,350,0,Cash,Store,4
ORD10407,C0171,P05,Aug 16 2024,1,KES 5200,0,Card,Web,4
ORD10861,C0186,P08,11/09/2024,2,2200,0,Mpesa,store,3
ORD11969,C0084,P20,08/12/2024,4,1100,0,cash,web,4
ORD10888,C0138,P06,2025-06-06,1,285,0.05,mpesa,web,4
ORD11185,C0170,P01,14/02/2024,2,3325,0.05,M-Pesa,Web,5
ORD10541,C0023,P20,2024-08-17,1,KES 1100,0,Mpesa,App,
ORD11020,C0061,P15,2025-02-24,5,KES 750,0,mpesa,store,4
ORD10611,C0240,P19,02/11/2024,1,1500,0,Cash,App,3
ORD10717,C0116,P17,28/04/2024,1,KES 2380,0.15,cash,store,4
ORD10979,C0142,P11,2024-01-23,40,1805,0.05,M-Pesa,App,3
ORD10556,C0197,P11,Jun 14 2024,5,"1,615",0.15,card,Store,5
ORD11110,C0023,P18,24/02/2024,3,KES 600,0,M-Pesa,app,4
ORD11795,C0209,P06,Jul 26 2024,2,KES 300,0,Mpesa,web,3
ORD10588,C0105,P20,2024-12-28,3,KES 1100,0,card,store,
ORD10904,C0236,P11,Dec 21 2024,5,"1,900",0,card,web,4
ORD11308,C0288,P06,2024-05-24,1,300,0,M-Pesa,web,4
ORD10586,C0020,P14,2025-04-13,1,"1,600",0,M-Pesa,app,3
ORD11784,C0039,P20,2024-07-14,5,1100,0,Mpesa,Store,
ORD11150,C0196,P02,Dec 18 2024,2,760,0.05,Mpesa,app,5
ORD10036,C0229,P20,25/12/2024,1,KES 1045,0.05,M-Pesa,store,2
ORD11834,C0255,P14,2024-11-02,2,1600,0,cash,App,4
ORD11115,C0182,P15,2025-02-07,3,750,0,mpesa,web,4
ORD11327,C0212,P09,Jun 16 2025,2,4200,0,mpesa,App,3
ORD10776,C0078,P14,Nov 25 2024,2,1600,0,Cash,Web,4
ORD11678,C0231,P17,Jun 13 2025,2,2660,0.05,Card,store,4
ORD11301,C0219,P02,12/09/2024,4,KES 800,0,Card,web,3
ORD11456,C0023,P13,Jan 28 2024,2,200,0,Card,App,5
ORD11835,C0016,P13,2024-12-15,2,200,0,M-Pesa,web,5
ORD11280,C0026,P18,2025-03-17,1,KES 570,0.05,Card,Web,4
ORD10356,C0262,P20,2024-06-20,2,935,0.15,mpesa,Web,4
ORD11435,C0017,P20,Nov 14 2024,3,KES 990,0.1,M-Pesa,Store,5
ORD11541,C0293,P19,2024-06-11,2,"1,350",0.1,M-Pesa,web,4
ORD11908,C0144,P13,2025-02-17,4,190,0.05,card,web,2
ORD10103,C0034,P07,2025-03-03,1,KES 950,0,mpesa,Web,2
ORD10397,C0207,P04,04/05/2025,1,1800,0,M-Pesa,Web,3
ORD10623,C0216,P06,2024-06-26,1,300,0,Cash,store,4
ORD11670,C0208,P07,26/05/2025,2,855,0.1,Cash,Web,4
ORD11692,C0022,P15,Jul 1 2024,1,712,0.05,Card,store,1
ORD10472,C0107,P19,May 28 2025,2,1275,0.15,Mpesa,web,4
ORD10125,C0181,P05,14/01/2024,1,KES 4940,0.05,M-Pesa,web,4
ORD11799,C0272,P19,May 21 2024,60,"1,500",0,Card,Store,3
ORD11488,C0040,P07,Mar 6 2025,1,950,0,card,store,4
ORD10930,C0133,P06,04/10/2024,2,270,0.1,card,store,4
ORD11071,C0066,P10,2024-04-11,5,KES 700,0,cash,Web,2
ORD10951,C0058,P19,01/01/2024,2,1350,0.1,mpesa,web,3
ORD10290,C0094,P19,Apr 21 2024,1,"1,500",0,Cash,Web,4
ORD10511,C0197,P14,2024-03-24,1,1600,0,cash,App,4
ORD10221,C0146,P19,May 11 2024,3,KES 1500,0,cash,App,3
ORD11548,C0171,P17,23/12/2024,5,2660,0.05,Mpesa,app,
ORD11587,C0028,P05,2024-03-17,2,5200,0,Cash,app,3
ORD10042,C0121,P06,Mar 11 2024,3,270,0.1,cash,app,5
ORD10348,C0033,P18,17/06/2024,2,600,0,card,Store,4
ORD11748,C0018,P02,23/06/2024,1,800,0,Cash,App,5
ORD11473,C0094,P13,23/03/2025,5,180,0.1,Cash,app,4
ORD10730,C0151,P20,2024-03-09,1,990,0.1,Mpesa,store,4
ORD11717,C0160,P03,2024-10-23,4,KES 2375,0.05,Mpesa,store,4
ORD11745,C0088,P04,2024-01-04,2,1800,0,Cash,Store,4
ORD11910,C0254,P07,22/02/2025,5,950,0,mpesa,Store,4
ORD10297,C0158,P15,2024-02-07,2,750,0,Mpesa,web,4
ORD10251,C0027,P11,17/02/2025,3,1900,0,mpesa,Store,4
ORD10958,C0190,P17,2024-09-01,2,2660,0.05,Mpesa,App,4
ORD10737,C0182,P03,Sep 23 2024,2,2375,0.05,Card,store,4
ORD11886,C0118,P02,2024-09-13,3,800,0,card,Web,5
ORD11824,C0112,P05,2024-08-25,1,"4,940",0.05,mpesa,app,2
ORD11212,C0025,P11,Nov 15 2024,1,"1,615",0.15,mpesa,Web,4
ORD11948,C0111,P15,20/01/2024,2,750,0,mpesa,App,4
ORD10747,C0179,P06,May 5 2025,1,300,0,Card,store,4
ORD11183,C0071,P07,Nov 27 2024,1,950,0,M-Pesa,Web,
ORD11088,C0083,P02,2024-11-04,1,800,0,Cash,App,3
ORD11905,C0232,P12,Aug 1 2024,2,332,0.05,Card,store,3
ORD10648,C0106,P19,Mar 15 2025,2,1500,0,cash,Store,3
ORD11005,C0100,P06,2024-06-03,4,300,0,mpesa,App,3
ORD10946,C0095,P19,Apr 27 2024,2,KES 1500,0,Card,Web,3
ORD10826,C0110,P19,2024-10-09,1,1425,0.05,mpesa,Web,2
ORD10909,C0252,P13,2024-07-20,2,200,0,Mpesa,Store,4
ORD11463,C0201,P05,Feb 9 2024,2,"5,200",0,Mpesa,app,3
ORD10974,C0110,P01,Jul 4 2024,2,KES 3500,0,M-Pesa,web,5
ORD11759,C0200,P06,14/12/2024,5,285,0.05,M-Pesa,App,
ORD10878,C0158,P14,Jan 5 2025,2,1440,0.1,cash,Store,3
ORD11893,C0083,P15,14/01/2025,1,750,0,card,store,3
ORD10001,C0212,P14,24/10/2024,2,KES 1440,0.1,cash,web,4
ORD10454,C0266,P17,May 3 2024,1,KES 2520,0.1,mpesa,App,4
ORD10309,C0091,P20,07/08/2024,1,935,0.15,M-Pesa,App,5
ORD11232,C0078,P04,22/03/2024,1,1710,0.05,mpesa,Store,4
ORD10805,C0272,P10,Nov 12 2024,3,630,0.1,M-Pesa,Web,5
ORD11294,C0291,P15,2025-01-16,1,750,0,cash,Store,4
ORD10753,C0025,P18,2024-01-18,1,600,0,Cash,Store,4
ORD11343,C0022,P14,Jan 1 2025,1,"1,520",0.05,M-Pesa,web,3
ORD10218,C0065,P17,2025-06-06,1,2800,0,cash,Store,2
ORD10244,C0169,P01,May 18 2024,60,3500,0,cash,app,4
ORD11460,C0134,P01,11/03/2024,1,"3,500",0,mpesa,Store,3
ORD11817,C0081,P20,May 15 2024,3,KES 1100,0,M-Pesa,App,2
ORD11607,C0096,P12,2025-02-06,1,350,0,card,web,3
ORD11727,C0059,P14,2024-03-06,2,1360,0.15,Card,Store,4
ORD11690,C0297,P01,Feb 27 2025,2,3500,0,Mpesa,App,2
ORD11063,C0045,P12,04/07/2024,1,350,0,Mpesa,Web,5
ORD11803,C0114,P12,Apr 1 2025,5,KES 332,0.05,Card,Store,3
ORD10920,C0168,P14,06/11/2024,5,1440,0.1,M-Pesa,app,5
ORD11059,C0200,P06,08/06/2024,2,270,0.1,M-Pesa,web,
ORD11940,C0025,P08,23/02/2024,1,"2,090",0.05,mpesa,store,4
ORD11264,C0157,P17,Mar 12 2024,3,2800,0,Card,App,4
ORD11841,C0295,P04,2024-10-01,2,KES 1800,0,cash,web,3
ORD11259,C0187,P18,2024-08-27,1,KES 600,0,M-Pesa,Web,3
ORD11421,C0271,P19,19/08/2024,2,1275,0.15,Card,app,4
ORD11415,C0183,P12,Apr 22 2024,1,350,0,Cash,web,2
ORD10669,C0176,P18,Jun 10 2024,1,600,0,mpesa,Store,5
ORD11637,C0296,P09,2025-02-14,4,4200,0,Mpesa,web,2
ORD10513,C0147,P08,2024-07-26,3,2200,0,card,Web,3
ORD10994,C0158,P14,2024-09-01,4,1360,0.15,mpesa,web,2
ORD10500,C0265,P05,Jun 10 2025,3,"5,200",0,Cash,Web,
ORD10852,C0128,P01,2025-01-06,3,"3,150",0.1,cash,store,4
ORD10147,C0220,P12,21/12/2024,2,350,0,Cash,Web,
ORD11464,C0117,P12,01/07/2024,2,297,0.15,Mpesa,Store,4
ORD11236,C0059,P03,2024-12-06,3,KES 2500,0,M-Pesa,App,4
ORD10497,C0298,P17,02/12/2024,3,KES 2520,0.1,Card,store,3
ORD10352,C0274,P15,May 18 2024,2,KES 750,0,Cash,Web,4
ORD11654,C0154,P13,Jul 23 2024,2,200,0,mpesa,store,4
ORD11097,C0046,P04,2024-04-02,1,1620,0.1,Card,web,3
ORD11809,C0036,P10,17/06/2025,1,KES 665,0.05,Card,store,5
ORD11125,C0072,P01,2024-07-18,2,3150,0.1,M-Pesa,app,4
ORD10690,C0102,P07,2025-01-17,2,KES 807,0.15,cash,web,3
ORD10793,C0096,P16,2024-10-15,3,1080,0.1,M-Pesa,web,4
ORD11465,C0049,P18,22/05/2024,2,600,0,Cash,web,4
ORD11471,C0171,P08,Jan 7 2024,1,"2,090",0.05,Card,web,5
ORD11763,C0081,P15,08/02/2025,5,750,0,Mpesa,store,4
ORD11962,C0245,P10,2025-03-04,2,700,0,card,app,4
ORD11679,C0040,P07,Sep 24 2024,2,950,0,Card,Web,3
ORD10375,C0011,P05,22/05/2024,100,5200,0,card,store,3
ORD11808,C0120,P15,2024-09-03,1,750,0,Cash,Store,3
ORD10148,C0157,P04,17/11/2024,1,"1,800",0,M-Pesa,store,3
ORD10881,C0107,P07,08/11/2024,1,902,0.05,M-Pesa,store,3
ORD11884,C0228,P17,Apr 6 2024,3,KES 2800,0,mpesa,store,4
ORD11624,C0049,P11,2025-03-22,1,1805,0.05,M-Pesa,store,3
ORD11653,C0164,P15,Apr 17 2024,2,712,0.05,Card,store,4
ORD11882,C0206,P07,Feb 28 2024,4,KES 950,0,Card,Store,4
ORD11530,C0006,P04,2024-06-10,2,1710,0.05,mpesa,App,5
ORD11788,C0039,P01,May 19 2024,2,"3,325",0.05,card,Store,5
ORD10478,C0019,P19,13/09/2024,1,1500,0,M-Pesa,web,4
ORD10383,C0142,P07,2025-01-20,1,902,0.05,card,store,4
ORD10988,C0064,P18,18/05/2025,3,570,0.05,Mpesa,Store,5
ORD11761,C0163,P08,2024-11-14,1,"2,090",0.05,Cash,web,5
ORD11050,C0226,P03,Dec 25 2024,4,KES 2500,0,M-Pesa,Store,3
ORD11120,C0289,P09,Jan 9 2024,1,3990,0.05,cash,Store,3
ORD11283,C0245,P07,Nov 7 2024,2,KES 950,0,Mpesa,web,2
ORD11563,C0254,P20,06/07/2024,1,KES 1100,0,Card,App,4
ORD10499,C0290,P16,Nov 17 2024,4,1200,0,Cash,web,2
ORD11922,C0166,P04,2024-03-22,2,1800,0,Cash,Web,4
ORD11879,C0073,P10,Jan 6 2025,2,630,0.1,Cash,web,5
ORD11218,C0214,P02,Mar 12 2024,1,720,0.1,Card,store,5
ORD10276,C0151,P17,2025-05-12,2,KES 2800,0,mpesa,web,3
ORD10350,C0229,P11,2024-04-25,1,1805,0.05,M-Pesa,Store,4
ORD11867,C0032,P01,Mar 5 2025,4,"3,500",0,Mpesa,web,4
ORD11571,C0213,P15,2024-05-18,2,750,0,Cash,App,4
ORD11586,C0225,P07,Jan 18 2024,1,950,0,Cash,web,4
ORD11570,C0268,P09,Sep 27 2024,1,"3,990",0.05,Card,App,5
ORD11146,C0075,P04,27/09/2024,1,KES 1800,0,Card,store,5
ORD11762,C0079,P10,2024-07-10,4,595,0.15,Card,Web,3
ORD10479,C0138,P16,Jul 23 2024,1,"1,140",0.05,Cash,Web,3
ORD10374,C0282,P16,27/05/2024,1,KES 1080,0.1,M-Pesa,Web,2
ORD10360,C0093,P12,Jun 22 2025,2,KES 350,0,Cash,web,3
ORD11827,C0242,P14,Mar 3 2024,1,"1,600",0,Card,Store,4
ORD10136,C0209,P10,2025-02-06,1,630,0.1,Cash,Web,3
ORD11113,C0210,P15,2024-04-03,1,750,0,mpesa,Store,3
ORD11658,C0069,P07,2025-01-25,1,855,0.1,cash,app,5
ORD10954,C0224,P02,Sep 15 2024,1,800,0,Mpesa,app,4
ORD10268,C0157,P15,20/08/2024,1,750,0,M-Pesa,web,2
ORD11198,C0033,P13,2024-08-07,4,200,0,cash,app,4
ORD11310,C0023,P16,14/11/2024,1,"1,200",0,Card,Store,3
ORD11500,C0207,P08,2024-08-03,2,"1,980",0.1,M-Pesa,Web,4
ORD10073,C0206,P02,27/03/2024,1,800,0,Cash,web,3
ORD11285,C0095,P06,2024-12-11,3,270,0.1,Cash,Web,5
ORD11946,C0095,P02,2024-02-16,1,800,0,M-Pesa,app,3
ORD11037,C0166,P02,2024-05-27,4,800,0,mpesa,App,3
ORD11538,C0048,P19,13/07/2024,4,1275,0.15,Cash,web,5
ORD10294,C0035,P03,2025-06-06,2,2500,0,card,Web,3
ORD10980,C0085,P19,Mar 18 2024,1,"1,275",0.15,M-Pesa,store,5
ORD10234,C0093,P14,06/01/2024,4,KES 1600,0,Mpesa,App,4
ORD10959,C0130,P08,Jun 6 2025,4,1870,0.15,card,Web,3
ORD10465,C0178,P13,13/03/2024,2,190,0.05,Card,store,4
ORD11633,C0075,P13,Jan 11 2025,1,200,0,mpesa,web,3
ORD11944,C0101,P03,Jan 8 2025,2,2375,0.05,Cash,store,4
ORD10658,C0080,P19,17/05/2025,1,KES 1350,0.1,Card,app,3
ORD11250,C0199,P13,Jun 1 2024,1,180,0.1,mpesa,app,
ORD10126,C0080,P17,Aug 28 2024,3,2800,0,Card,app,3
ORD11496,C0199,P03,Jan 21 2024,40,"2,500",0,cash,web,5
ORD10048,C0208,P13,12/02/2025,2,KES 200,0,mpesa,store,4
ORD11254,C0177,P01,05/10/2024,2,3500,0,M-Pesa,App,4
ORD10052,C0296,P12,2024-02-23,5,KES 332,0.05,Cash,store,5
ORD10127,C0040,P04,2024-05-12,4,1800,0,card,Store,2
ORD11281,C0051,P01,Apr 28 2025,1,KES 3500,0,card,store,3
ORD11757,C0243,P08,Sep 6 2024,2,2090,0.05,cash,web,2
ORD11537,C0039,P16,01/03/2025,1,KES 1200,0,card,App,4
ORD10368,C0128,P18,2024-04-13,1,600,0,Cash,Store,5
ORD11904,C0256,P07,2024-01-14,4,902,0.05,Cash,Store,5
ORD11980,C0087,P10,2025-06-09,4,665,0.05,M-Pesa,store,
ORD11632,C0061,P20,2024-03-08,2,1045,0.05,Mpesa,store,4
ORD11514,C0215,P03,Nov 22 2024,2,"2,125",0.15,Card,app,4
ORD11252,C0202,P05,25/03/2024,2,"5,200",0,Cash,Web,4
ORD11181,C0063,P01,2025-06-26,1,"3,500",0,M-Pesa,store,3
ORD10710,C0116,P05,13/06/2025,4,4680,0.1,card,app,3
ORD10414,C0006,P13,17/02/2025,2,KES 200,0,Card,web,4
ORD11720,C0137,P12,2025-02-25,2,297,0.15,Cash,app,
ORD10055,C0151,P10,Jun 24 2024,1,665,0.05,M-Pesa,store,4
ORD10998,C0233,P17,2025-03-19,3,KES 2800,0,Card,web,3
ORD11710,C0046,P18,Jun 28 2025,1,570,0.05,card,web,3
ORD10990,C0205,P20,2024-10-10,3,1045,0.05,Mpesa,app,3
ORD10786,C0235,P03,01/11/2024,2,2125,0.15,Mpesa,app,3
ORD11775,C0247,P07,Sep 19 2024,2,950,0,M-Pesa,store,4
ORD10999,C0069,P13,Nov 2 2024,5,200,0,M-Pesa,Store,3
ORD10849,C0211,P04,Jan 1 2024,2,1710,0.05,M-Pesa,Store,4
ORD10002,C0055,P05,2024-06-20,1,KES 4940,0.05,Cash,Web,2
ORD10743,C0049,P17,Sep 2 2024,1,"2,380",0.15,M-Pesa,web,4
ORD10144,C0156,P06,Apr 16 2025,2,300,0,Card,Store,4
ORD11190,C0249,P20,Mar 3 2024,1,1100,0,Card,Web,4
ORD11696,C0050,P19,Mar 4 2025,2,"1,500",0,M-Pesa,Store,2
ORD11109,C0089,P08,09/09/2024,2,1980,0.1,M-Pesa,Web,4
ORD11608,C0049,P11,05/07/2024,2,1615,0.15,M-Pesa,Web,4
ORD11869,C0219,P04,12/04/2025,1,1710,0.05,cash,app,3
ORD11011,C0249,P16,Feb 7 2025,3,"1,200",0,mpesa,store,4
ORD10104,C0076,P16,2024-05-18,4,1140,0.05,mpesa,app,3
ORD10504,C0280,P07,09/04/2025,2,950,0,Cash,Web,3
ORD10673,C0029,P14,Dec 1 2024,2,KES 1520,0.05,Mpesa,store,4
ORD10482,C0005,P20,22/12/2024,40,KES 1100,0,card,Store,4
ORD11174,C0064,P05,Jun 26 2025,2,4940,0.05,card,Store,4
ORD11730,C0148,P08,2024-07-24,3,2200,0,Cash,web,4
ORD10784,C0043,P12,Apr 7 2025,1,350,0,card,Web,4
ORD10227,C0216,P02,2024-10-16,4,720,0.1,card,App,4
ORD11040,C0100,P09,May 26 2025,4,4200,0,Mpesa,app,2
ORD10855,C0018,P09,Feb 9 2025,2,"4,200",0,Card,app,1
ORD10653,C0108,P09,23/04/2024,1,KES 4200,0,cash,App,2
ORD10215,C0078,P19,17/02/2024,5,1425,0.05,Card,store,4
ORD11347,C0135,P18,Jun 5 2025,1,600,0,M-Pesa,app,4
ORD10812,C0145,P08,2025-01-01,2,2200,0,M-Pesa,App,3
ORD10664,C0117,P08,07/04/2025,2,2090,0.05,Card,Web,3
ORD10269,C0067,P07,Jul 14 2024,2,KES 950,0,M-Pesa,Store,3
ORD11810,C0205,P20,2024-06-16,2,"1,100",0,cash,Web,3
ORD11547,C0184,P20,10/02/2024,1,"1,100",0,M-Pesa,Store,
ORD10310,C0204,P13,26/06/2024,2,190,0.05,cash,app,3
ORD10333,C0194,P13,2025-06-09,5,200,0,M-Pesa,Web,4
ORD10370,C0096,P13,04/12/2024,2,200,0,Mpesa,store,3
ORD10019,C0108,P20,03/02/2024,1,"1,045",0.05,Card,Store,5
ORD10492,C0101,P14,13/03/2024,1,1360,0.15,M-Pesa,App,
ORD11221,C0202,P10,Jul 23 2024,5,700,0,M-Pesa,App,3
ORD10919,C0130,P13,Jun 26 2024,3,170,0.15,Card,web,4
ORD11188,C0281,P07,Oct 13 2024,2,902,0.05,cash,Web,3
ORD10326,C0206,P05,12/01/2024,2,5200,0,card,app,3
ORD10798,C0164,P15,2024-12-24,4,KES 750,0,card,web,3
ORD11540,C0261,P13,04/09/2024,1,KES 200,0,M-Pesa,Web,5
ORD10358,C0141,P01,Apr 6 2024,1,"3,500",0,card,app,5
ORD10444,C0124,P01,Feb 24 2025,1,"3,325",0.05,mpesa,web,4
ORD10214,C0075,P01,02/05/2025,4,3500,0,Cash,store,4
ORD10576,C0194,P13,May 23 2024,3,180,0.1,M-Pesa,Web,5
ORD11728,C0283,P03,16/10/2024,4,2375,0.05,Cash,Store,3
ORD10487,C0136,P12,2024-11-10,1,297,0.15,card,Store,3
ORD11970,C0281,P04,11/05/2024,2,1710,0.05,Card,App,3
ORD11765,C0241,P19,Aug 26 2024,2,1425,0.05,Card,Web,
ORD10344,C0174,P19,16/02/2025,5,KES 1500,0,Cash,store,4
ORD10659,C0008,P03,Nov 20 2024,1,2500,0,Cash,web,3
ORD10799,C0022,P12,28/02/2025,2,297,0.15,cash,app,4
ORD10529,C0211,P20,2025-04-17,1,"1,100",0,Cash,Store,3
ORD11403,C0154,P17,03/06/2025,1,2520,0.1,mpesa,Store,4
ORD11253,C0226,P14,Jan 7 2025,5,KES 1520,0.05,card,app,4
ORD10689,C0064,P13,2024-01-13,2,190,0.05,Card,app,5
ORD10777,C0034,P03,2024-01-28,1,"2,500",0,mpesa,web,3
ORD11626,C0061,P18,2024-09-05,5,600,0,cash,Store,5
ORD11061,C0165,P16,Oct 21 2024,3,1200,0,Cash,Store,3
ORD11443,C0157,P15,2025-04-22,4,750,0,Cash,store,4
ORD10634,C0111,P14,Sep 6 2024,3,"1,600",0,mpesa,Web,3
ORD10564,C0096,P16,2024-10-07,1,1200,0,M-Pesa,app,2
ORD10879,C0195,P01,Jun 14 2025,3,"3,325",0.05,mpesa,Web,4
ORD10205,C0185,P16,22/06/2024,2,KES 1140,0.05,Mpesa,web,4
ORD11329,C0174,P17,Mar 19 2024,1,"2,800",0,Card,app,3
ORD10694,C0128,P06,2024-01-26,1,285,0.05,mpesa,Store,4
ORD10338,C0254,P10,2025-01-26,1,700,0,cash,web,3
ORD11494,C0020,P13,26/01/2025,2,200,0,M-Pesa,app,3
ORD10196,C0109,P06,01/03/2024,3,270,0.1,M-Pesa,web,5
ORD11163,C0129,P08,24/04/2025,1,2090,0.05,Card,Store,4
ORD11311,C0068,P05,14/02/2024,1,5200,0,M-Pesa,web,4
ORD11081,C0233,P13,2025-06-28,1,200,0,M-Pesa,store,2
ORD10140,C0143,P05,Mar 4 2025,1,5200,0,cash,Web,3
ORD10758,C0194,P09,23/07/2024,3,KES 3990,0.05,Cash,store,3
ORD11112,C0188,P15,2024-04-15,1,KES 712,0.05,card,Web,5
ORD10989,C0100,P13,Jul 5 2024,2,200,0,Mpesa,store,3
ORD10934,C0075,P11,2024-06-12,2,"1,900",0,cash,app,5
ORD10132,C0124,P17,2024-03-10,1,2800,0,Cash,Web,3
ORD11687,C0009,P17,2024-08-24,3,2520,0.1,M-Pesa,web,5
ORD11529,C0223,P10,2024-01-14,2,KES 700,0,M-Pesa,Store,3
ORD11492,C0147,P18,2024-01-17,2,600,0,Mpesa,store,3
ORD11634,C0205,P08,Jun 26 2024,2,KES 2090,0.05,Mpesa,Web,5
ORD11686,C0134,P03,2025-05-07,2,2500,0,card,app,4
ORD10045,C0150,P13,Mar 19 2025,1,200,0,Card,store,4
ORD11960,C0042,P18,Mar 3 2025,1,600,0,Card,store,4
ORD11701,C0272,P03,13/03/2025,2,"2,375",0.05,card,App,
ORD11085,C0277,P07,Nov 16 2024,2,950,0,Cash,store,4
ORD10590,C0049,P18,2025-03-18,1,600,0,Cash,Web,4
ORD11595,C0090,P14,07/07/2024,2,1600,0,Cash,store,4
ORD11392,C0016,P08,Jul 8 2024,1,KES 2200,0,Card,Web,4
ORD11430,C0140,P04,Jul 2 2024,1,1710,0.05,Cash,Store,4
ORD10814,C0142,P07,Mar 11 2025,1,950,0,mpesa,web,4
ORD10476,C0028,P15,07/09/2024,1,KES 750,0,card,App,4
ORD11069,C0276,P15,Sep 11 2024,1,750,0,Cash,store,4
ORD11860,C0277,P03,Dec 8 2024,3,KES 2500,0,mpesa,web,3
ORD11999,C0107,P12,09/02/2025,2,315,0.1,Cash,App,4
ORD10373,C0216,P11,22/02/2024,1,1900,0,Card,app,3
ORD10791,C0055,P20,2024-04-03,1,990,0.1,Cash,Web,4
ORD11246,C0022,P05,2025-05-22,1,"5,200",0,Cash,Store,3
ORD10182,C0118,P06,2024-02-16,2,300,0,mpesa,store,5
ORD11434,C0221,P04,2025-01-06,1,KES 1800,0,cash,Web,2
ORD10655,C0190,P19,21/12/2024,4,1500,0,Cash,app,4
ORD10696,C0084,P01,2025-04-01,1,"3,500",0,M-Pesa,app,4
ORD11713,C0233,P02,Aug 15 2024,3,800,0,cash,Store,3
ORD11018,C0257,P10,08/07/2024,5,KES 700,0,cash,app,4
ORD10040,C0055,P11,2025-06-20,2,KES 1900,0,Card,app,3
ORD11295,C0095,P05,Mar 11 2025,2,5200,0,Cash,Store,3
ORD10445,C0293,P14,2024-08-13,2,1520,0.05,Mpesa,store,3
ORD10657,C0007,P09,Dec 16 2024,5,KES 4200,0,mpesa,store,3
ORD11912,C0129,P10,02/08/2024,4,595,0.15,cash,store,4
ORD11277,C0096,P19,20/04/2025,3,KES 1425,0.05,Mpesa,web,5
ORD11454,C0002,P17,2025-05-26,2,2380,0.15,card,Web,4
ORD10087,C0023,P02,25/12/2024,2,760,0.05,M-Pesa,store,5
ORD11643,C0188,P08,2024-04-02,2,1870,0.15,M-Pesa,web,5
ORD11026,C0085,P16,2024-08-13,1,1200,0,M-Pesa,app,2
ORD10314,C0037,P14,Feb 9 2024,5,"1,360",0.15,card,store,5
ORD10941,C0014,P10,Nov 17 2024,1,700,0,mpesa,Web,3
ORD11272,C0076,P08,07/03/2025,2,2200,0,M-Pesa,App,3
ORD10714,C0300,P05,Jul 10 2024,2,4940,0.05,cash,store,4
ORD10313,C0192,P16,12/01/2025,4,1020,0.15,mpesa,store,4
ORD10219,C0133,P08,02/10/2024,3,"2,200",0,Cash,Store,3
ORD11921,C0176,P03,Sep 20 2024,2,2500,0,card,web,3
ORD11705,C0229,P19,14/11/2024,3,"1,425",0.05,mpesa,web,3
ORD10809,C0137,P03,2025-03-23,1,"2,375",0.05,cash,Web,4
ORD10422,C0048,P08,Jul 17 2024,3,"2,090",0.05,Card,web,5
ORD10681,C0250,P02,19/05/2025,1,800,0,card,App,2
ORD10098,C0238,P01,Mar 23 2024,1,KES 3500,0,cash,store,3
ORD10972,C0081,P07,Mar 17 2024,1,950,0,Card,web,4
ORD11982,C0173,P14,Sep 20 2024,1,1600,0,Mpesa,app,3
ORD11323,C0187,P01,20/03/2025,4,"3,500",0,Mpesa,store,3
ORD11165,C0138,P02,12/02/2024,2,800,0,mpesa,store,2
ORD11556,C0024,P14,2024-01-13,4,1600,0,cash,Web,4
ORD11723,C0261,P13,2025-06-19,3,200,0,card,App,5
ORD10895,C0073,P01,23/08/2024,4,"3,500",0,Mpesa,app,2
ORD10083,C0046,P19,2024-10-23,2,KES 1425,0.05,Mpesa,store,4
ORD10804,C0266,P16,20/07/2024,60,1140,0.05,card,web,3
ORD11238,C0058,P17,Feb 11 2025,1,2800,0,Cash,app,4
ORD10770,C0090,P13,15/09/2024,4,KES 200,0,Card,web,
ORD11614,C0206,P18,May 15 2024,4,570,0.05,Card,Web,4
ORD11385,C0029,P01,2024-08-28,1,2975,0.15,Mpesa,store,5
ORD11802,C0148,P16,2025-06-06,2,KES 1140,0.05,M-Pesa,app,3
ORD11976,C0097,P11,2024-03-16,2,1900,0,Card,Web,4
ORD11785,C0041,P02,2025-04-13,1,760,0.05,Mpesa,web,4
ORD10668,C0250,P01,22/11/2024,4,3500,0,cash,app,4
ORD10708,C0100,P05,Aug 19 2024,3,4940,0.05,cash,Store,2
ORD10213,C0071,P14,Feb 17 2025,4,"1,360",0.15,M-Pesa,app,5
ORD10995,C0285,P17,05/05/2025,1,2800,0,Cash,store,3
ORD10819,C0117,P08,Feb 27 2024,2,KES 2200,0,Card,Web,3
ORD11220,C0238,P20,Jun 8 2025,1,1045,0.05,M-Pesa,Web,3
ORD11698,C0164,P17,2025-01-21,2,KES 2800,0,Card,Web,3
ORD11769,C0204,P07,21/10/2024,3,KES 950,0,Cash,Store,4
ORD11573,C0158,P11,2024-02-13,2,"1,710",0.1,Mpesa,App,4
ORD10898,C0100,P10,May 1 2025,1,KES 700,0,Cash,Store,3
ORD11216,C0028,P06,Jun 9 2024,2,285,0.05,Cash,web,4
ORD11883,C0103,P01,Mar 2 2024,4,KES 3500,0,M-Pesa,Store,5
ORD11170,C0280,P17,May 2 2024,1,2800,0,card,Web,3
ORD10010,C0166,P15,09/01/2024,1,KES 712,0.05,Cash,store,4
ORD10614,C0173,P16,2025-01-17,1,1080,0.1,Card,App,4
ORD11553,C0228,P02,May 2 2024,60,720,0.1,Card,web,
ORD11669,C0216,P05,2024-12-06,2,5200,0,Mpesa,store,2
ORD11160,C0129,P18,04/05/2025,2,600,0,Card,store,4
ORD11194,C0071,P16,Oct 21 2024,1,KES 1200,0,mpesa,Web,2
ORD11901,C0120,P01,05/05/2024,2,3500,0,M-Pesa,store,4
ORD11894,C0100,P15,Jan 21 2025,1,675,0.1,Card,App,5
ORD10169,C0128,P17,11/05/2024,3,2660,0.05,cash,store,4
ORD11895,C0298,P19,11/08/2024,3,1500,0,Card,app,4
ORD11856,C0020,P05,Mar 21 2025,3,KES 5200,0,Card,store,
ORD11461,C0140,P13,2025-02-18,2,200,0,Cash,store,4
ORD11064,C0111,P06,08/12/2024,2,300,0,cash,App,4
ORD10099,C0042,P20,22/11/2024,3,935,0.15,M-Pesa,app,5
ORD10840,C0295,P01,11/09/2024,4,3500,0,mpesa,store,3
ORD11515,C0030,P16,12/05/2025,2,KES 1140,0.05,Card,Web,3
ORD11215,C0260,P13,26/04/2024,2,200,0,Cash,app,4
ORD10342,C0248,P10,May 28 2024,1,700,0,Cash,web,3
ORD11902,C0260,P13,20/02/2024,2,KES 190,0.05,Mpesa,web,5
ORD11270,C0186,P09,Jun 21 2024,2,3990,0.05,M-Pesa,Web,3
ORD11108,C0208,P16,22/03/2025,1,"1,200",0,mpesa,app,4
ORD11508,C0258,P11,25/03/2025,2,1900,0,Mpesa,app,4
ORD11073,C0163,P03,Jul 7 2024,1,2500,0,card,store,3
ORD11491,C0252,P04,15/06/2025,1,1800,0,M-Pesa,web,3
ORD11402,C0065,P17,Apr 24 2024,3,2800,0,cash,web,2
ORD10575,C0022,P06,2024-10-08,1,285,0.05,Cash,Web,4
ORD10353,C0023,P08,Feb 5 2024,1,KES 1980,0.1,card,App,
ORD10317,C0197,P13,27/03/2024,2,200,0,Cash,App,5
ORD11943,C0002,P04,2024-08-08,2,1800,0,cash,Store,4
ORD11699,C0185,P18,14/01/2025,3,600,0,card,web,3
ORD10175,C0015,P10,Sep 19 2024,1,700,0,M-Pesa,Web,5
ORD10077,C0109,P17,Mar 24 2025,4,KES 2800,0,M-Pesa,Web,3
ORD10392,C0210,P20,2024-10-09,1,990,0.1,M-Pesa,Store,4
ORD10811,C0275,P07,2024-07-24,5,KES 950,0,card,Store,4
ORD10225,C0234,P16,Feb 4 2024,3,1200,0,M-Pesa,Web,4
ORD10124,C0086,P18,23/11/2024,4,570,0.05,card,Store,3
ORD11507,C0250,P11,15/10/2024,5,1805,0.05,cash,App,4
ORD11032,C0290,P20,2024-03-03,3,KES 1100,0,Mpesa,app,3
ORD11971,C0036,P20,24/06/2024,1,1100,0,cash,app,3
ORD10423,C0174,P10,22/12/2024,3,KES 665,0.05,Mpesa,Store,5
ORD11158,C0218,P06,Jun 16 2024,1,300,0,mpesa,app,4
ORD10102,C0033,P12,18/12/2024,4,350,0,card,App,3
ORD11527,C0220,P02,21/05/2024,3,KES 800,0,Card,web,4
ORD11453,C0266,P13,2024-08-15,3,170,0.15,card,Web,3
ORD11990,C0186,P10,18/06/2024,1,700,0,M-Pesa,app,5
ORD11084,C0219,P11,21/03/2024,2,KES 1900,0,cash,Store,3
ORD11279,C0114,P12,2024-08-12,1,350,0,Card,Web,3
ORD10825,C0022,P13,Apr 19 2024,3,200,0,cash,store,3
ORD10228,C0035,P02,Feb 27 2025,2,KES 800,0,cash,web,3
ORD10636,C0116,P01,Nov 14 2024,1,"3,325",0.05,card,app,
ORD11356,C0083,P14,23/06/2024,2,KES 1520,0.05,cash,app,4
ORD10733,C0187,P09,Feb 11 2025,1,"3,570",0.15,M-Pesa,store,5
ORD10147,C0220,P12,21/12/2024,2,350,0,Cash,Web,
ORD11652,C0291,P09,26/02/2024,3,3990,0.05,card,Web,3
ORD11457,C0199,P08,Feb 19 2024,1,"1,980",0.1,Cash,web,4
ORD11502,C0164,P16,2024-08-25,2,1140,0.05,Card,App,4
ORD10549,C0300,P05,14/09/2024,3,KES 5200,0,card,app,3
ORD10458,C0291,P12,14/12/2024,4,315,0.1,Card,Web,5
ORD11208,C0181,P18,Jan 26 2025,1,600,0,Card,App,3
ORD11845,C0080,P02,Sep 13 2024,1,800,0,M-Pesa,app,
ORD10869,C0298,P17,2024-06-08,1,"2,800",0,Mpesa,store,2
ORD11009,C0204,P20,22/03/2024,3,1100,0,mpesa,store,3
ORD10241,C0247,P09,2024-09-21,3,"4,200",0,M-Pesa,web,1
ORD10246,C0184,P13,07/06/2024,3,170,0.15,Mpesa,store,5
ORD10661,C0187,P02,Jan 9 2025,2,800,0,cash,Web,
ORD10908,C0034,P11,2024-02-12,2,"1,900",0,Mpesa,app,3
ORD10877,C0209,P08,08/08/2024,2,2200,0,M-Pesa,web,3
ORD10320,C0214,P17,07/02/2025,2,KES 2800,0,card,Web,2
ORD10790,C0045,P03,Jan 19 2024,3,2500,0,Cash,App,4
ORD11476,C0212,P04,11/05/2025,1,KES 1530,0.15,mpesa,Web,5
ORD10596,C0110,P06,2024-09-22,3,300,0,Cash,App,2
ORD10131,C0095,P12,19/01/2024,1,297,0.15,Mpesa,Store,4
ORD11558,C0117,P15,Jun 8 2024,1,750,0,Mpesa,web,3
ORD10099,C0042,P20,22/11/2024,3,935,0.15,M-Pesa,app,5
ORD10936,C0035,P08,02/04/2025,2,KES 2200,0,M-Pesa,Store,2
ORD11681,C0228,P05,Jul 2 2024,1,KES 4680,0.1,Card,Web,3
ORD10562,C0162,P02,Feb 27 2025,1,800,0,Cash,store,4
ORD11987,C0009,P20,2024-08-21,3,"1,100",0,M-Pesa,app,4
ORD11030,C0145,P13,Jun 14 2024,1,KES 180,0.1,card,web,4
ORD10324,C0004,P13,14/05/2025,5,170,0.15,Cash,App,4
ORD10675,C0055,P03,19/08/2024,1,2125,0.15,cash,store,4
ORD10705,C0173,P11,18/06/2024,1,1900,0,Cash,App,4
ORD11967,C0253,P12,Jul 8 2024,3,KES 350,0,Card,Web,4
ORD10978,C0072,P08,24/03/2024,2,2200,0,Mpesa,store,3
ORD10166,C0225,P11,24/02/2025,3,"1,900",0,Cash,app,4
ORD11874,C0020,P04,2024-02-02,1,1620,0.1,mpesa,Store,4
ORD11683,C0268,P13,2024-11-12,1,KES 180,0.1,mpesa,app,5
ORD10473,C0187,P13,2025-03-07,4,190,0.05,Card,web,3
ORD10162,C0141,P15,Feb 11 2025,1,750,0,Card,store,
ORD10300,C0220,P04,2024-08-13,1,1800,0,Mpesa,Web,3
ORD11397,C0159,P08,09/07/2024,3,2090,0.05,mpesa,App,
ORD10972,C0081,P07,Mar 17 2024,1,950,0,Card,web,4
ORD11177,C0068,P07,2025-06-08,2,950,0,Mpesa,Web,2
ORD11511,C0071,P12,27/05/2024,1,332,0.05,Card,store,5
ORD11576,C0094,P14,Feb 1 2025,4,1600,0,card,store,
ORD11796,C0074,P18,2024-05-28,1,KES 600,0,mpesa,Store,3
ORD10550,C0102,P06,2025-03-24,1,KES 300,0,cash,Web,2
ORD10982,C0044,P18,2024-05-03,2,KES 600,0,cash,App,2
ORD10448,C0279,P03,2025-01-06,1,KES 2125,0.15,mpesa,web,3
ORD11129,C0083,P04,2025-03-24,4,1800,0,card,App,2
ORD10663,C0137,P18,2024-09-03,1,540,0.1,M-Pesa,web,3
ORD10570,C0163,P14,08/01/2025,3,1600,0,mpesa,app,4
ORD11955,C0152,P17,2024-08-14,1,2800,0,mpesa,app,3
ORD10037,C0240,P04,2025-03-16,1,KES 1710,0.05,Mpesa,Store,3
ORD11821,C0250,P03,Feb 19 2024,1,"2,500",0,Card,Web,4
ORD11014,C0190,P15,26/01/2024,2,750,0,card,web,2
ORD10838,C0231,P18,Jun 11 2024,4,KES 540,0.1,cash,Store,4
ORD10993,C0189,P11,2025-06-24,2,1615,0.15,Card,app,5
ORD11749,C0071,P06,01/10/2024,3,285,0.05,Card,Web,2
ORD11925,C0132,P04,Jun 4 2024,3,1800,0,Card,web,4
ORD11598,C0235,P12,2024-08-23,1,KES 350,0,card,app,2
ORD10874,C0217,P07,09/02/2024,4,950,0,Mpesa,web,3
ORD11772,C0150,P19,2025-03-18,1,KES 1275,0.15,mpesa,web,5
ORD11053,C0296,P07,Apr 11 2025,5,902,0.05,Card,store,
ORD11044,C0193,P18,2024-05-06,1,600,0,Cash,store,3
ORD10894,C0009,P07,Feb 5 2025,3,950,0,Card,web,2
ORD11366,C0071,P11,2025-03-11,1,"1,900",0,Cash,app,4
ORD10429,C0048,P12,2025-03-04,2,KES 315,0.1,Cash,Web,5
ORD10764,C0029,P13,Jan 22 2025,1,200,0,M-Pesa,app,4
ORD11850,C0190,P14,2024-09-12,2,KES 1600,0,mpesa,Web,
ORD10315,C0251,P12,08/02/2024,2,332,0.05,cash,App,5
ORD10447,C0134,P18,2024-06-14,4,KES 600,0,M-Pesa,Store,4
ORD11646,C0062,P18,25/01/2025,1,600,0,Card,web,5
ORD11617,C0050,P01,03/02/2024,2,"3,325",0.05,M-Pesa,web,
ORD10003,C0184,P03,21/04/2025,1,KES 2500,0,cash,app,
ORD11098,C0176,P17,2025-03-19,4,2660,0.05,Card,App,4
ORD10337,C0018,P20,Nov 28 2024,1,1100,0,Cash,web,5
ORD11076,C0004,P05,Dec 3 2024,5,KES 4680,0.1,cash,web,3
ORD10325,C0162,P08,28/12/2024,3,1870,0.15,M-Pesa,app,4
ORD11857,C0053,P14,Mar 26 2024,1,1600,0,M-Pesa,Web,3
ORD11739,C0107,P09,2024-10-16,4,KES 4200,0,card,Store,3
ORD10752,C0157,P16,Oct 10 2024,3,KES 1200,0,Cash,App,5
ORD10341,C0166,P19,Feb 6 2024,3,KES 1500,0,Card,store,3
ORD11214,C0055,P02,2025-04-08,2,800,0,M-Pesa,app,4
ORD10305,C0020,P08,2025-03-21,3,2200,0,Cash,App,4
ORD11384,C0050,P08,2025-06-07,40,KES 1870,0.15,Cash,Store,4
ORD10679,C0072,P03,2024-11-24,5,KES 2375,0.05,mpesa,app,3
ORD11675,C0169,P20,Oct 1 2024,2,1100,0,Mpesa,store,3
ORD11082,C0241,P06,Mar 19 2024,2,KES 300,0,cash,Web,3
ORD11773,C0057,P02,Apr 25 2024,5,800,0,M-Pesa,app,4
ORD11058,C0053,P11,Jan 11 2025,1,1805,0.05,Mpesa,App,3
ORD11338,C0194,P17,06/12/2024,2,2660,0.05,Cash,store,2
ORD10523,C0010,P18,Apr 14 2025,1,570,0.05,card,web,4
ORD11405,C0043,P06,25/07/2024,2,300,0,cash,Web,3
ORD10016,C0179,P02,2024-05-02,4,720,0.1,Mpesa,web,3
ORD11409,C0203,P01,2024-04-01,1,KES 3500,0,cash,Store,3
ORD10806,C0229,P12,21/02/2025,1,332,0.05,card,App,5
ORD10258,C0052,P11,Jan 3 2024,2,KES 1900,0,card,web,4
ORD10452,C0193,P11,2025-03-20,3,1900,0,mpesa,App,
ORD11394,C0244,P07,04/01/2024,1,950,0,Card,App,3
ORD11155,C0175,P18,2024-01-11,2,KES 600,0,cash,Store,3
ORD10115,C0219,P12,Jan 15 2025,1,350,0,Mpesa,store,3
ORD11610,C0117,P02,Oct 26 2024,3,800,0,mpesa,web,4
ORD10971,C0033,P06,Apr 6 2025,1,300,0,M-Pesa,Web,5
ORD11899,C0059,P10,2025-05-25,2,665,0.05,Cash,Store,3
ORD11806,C0279,P09,2024-06-21,2,"3,780",0.1,mpesa,web,3
ORD11789,C0184,P14,2025-01-20,2,1360,0.15,M-Pesa,App,5
ORD11205,C0168,P10,15/08/2024,3,KES 700,0,cash,app,3
ORD11380,C0141,P11,02/02/2025,2,KES 1710,0.1,cash,web,3
ORD11148,C0282,P15,Oct 11 2024,4,750,0,mpesa,store,
ORD11324,C0030,P06,Sep 24 2024,2,300,0,cash,app,
ORD10902,C0022,P02,05/10/2024,1,800,0,Mpesa,Web,4
ORD11290,C0035,P12,11/03/2024,2,350,0,mpesa,Web,2
ORD10477,C0272,P20,2025-04-08,2,KES 1100,0,M-Pesa,Web,3
ORD11844,C0118,P20,2025-05-05,1,KES 1100,0,Card,store,5
ORD11693,C0115,P19,Sep 21 2024,2,1500,0,Mpesa,store,4
ORD11153,C0151,P13,Jan 28 2025,2,180,0.1,Card,app,3
ORD11958,C0041,P12,Jun 22 2024,3,KES 297,0.15,Card,Web,5
ORD11354,C0032,P01,2024-12-04,6,"3,500",0,Cash,Web,3
ORD10249,C0290,P20,Jun 9 2024,1,KES 1100,0,card,store,4
ORD11484,C0104,P06,2024-02-20,5,300,0,M-Pesa,App,3
ORD10150,C0106,P11,2025-04-14,2,1900,0,Cash,Web,3
ORD11848,C0217,P15,13/01/2025,1,750,0,Cash,web,5
ORD10593,C0142,P20,Apr 3 2025,40,KES 935,0.15,Mpesa,web,5
ORD11166,C0075,P07,Mar 25 2024,1,950,0,Cash,Store,3
ORD10345,C0193,P03,21/03/2025,4,"2,500",0,M-Pesa,Web,3
ORD11147,C0193,P09,Jun 8 2025,2,3990,0.05,Cash,Store,3
ORD11878,C0080,P01,14/07/2024,1,KES 3500,0,cash,Store,4
ORD10660,C0183,P16,Mar 26 2025,2,KES 1200,0,Cash,web,3
ORD11201,C0004,P16,2024-03-23,1,1200,0,M-Pesa,Store,4
ORD11067,C0068,P16,Jan 17 2024,1,"1,080",0.1,Card,web,5
ORD10525,C0006,P08,2025-02-19,3,2090,0.05,cash,store,4
ORD10248,C0144,P16,17/07/2024,1,KES 1140,0.05,card,web,4
ORD11349,C0145,P13,2024-10-05,3,200,0,Cash,web,4
ORD10424,C0039,P05,03/04/2025,60,5200,0,Card,App,4
ORD11703,C0061,P15,2025-05-06,4,750,0,Cash,Store,4
ORD11042,C0118,P19,14/03/2025,5,1425,0.05,Card,app,3
ORD10438,C0280,P06,12/01/2025,1,300,0,mpesa,App,3
ORD10031,C0268,P04,2024-01-28,1,"1,620",0.1,Card,Web,3
ORD11410,C0243,P10,May 2 2024,2,700,0,cash,Store,3
ORD11900,C0095,P09,16/09/2024,2,4200,0,M-Pesa,store,2
ORD10163,C0127,P09,May 1 2024,1,3780,0.1,cash,store,5
ORD10915,C0084,P16,23/03/2025,1,1200,0,cash,web,3
ORD10567,C0152,P04,10/08/2024,1,1710,0.05,mpesa,web,3
ORD11206,C0177,P05,Sep 20 2024,1,KES 5200,0,Card,web,3
ORD10987,C0009,P20,2025-05-02,1,1100,0,mpesa,Store,4
ORD10572,C0277,P01,2024-01-18,3,3325,0.05,card,web,5
ORD10018,C0195,P03,Feb 11 2025,3,2500,0,card,web,4
ORD10782,C0094,P15,2024-01-12,5,KES 750,0,Mpesa,Store,5
ORD11138,C0209,P09,Jun 13 2025,100,KES 3570,0.15,card,Web,4
ORD11627,C0013,P07,2025-01-24,1,KES 807,0.15,card,App,4
ORD10200,C0079,P15,27/04/2025,2,750,0,mpesa,Web,4
ORD11866,C0241,P15,Apr 16 2024,1,750,0,Mpesa,Web,3
ORD11364,C0057,P12,2025-02-16,2,350,0,Cash,store,3
ORD11833,C0107,P05,Apr 16 2025,3,KES 5200,0,cash,store,3
ORD10282,C0207,P18,Oct 11 2024,1,570,0.05,Card,web,4
ORD11702,C0213,P20,2025-06-24,2,KES 1100,0,Cash,app,
ORD11325,C0088,P08,2024-01-05,1,KES 1870,0.15,card,App,3
ORD11755,C0096,P17,2025-01-14,1,KES 2660,0.05,mpesa,Store,3
ORD10107,C0117,P16,Dec 6 2024,5,KES 1200,0,Cash,Store,4
ORD11947,C0124,P09,Jun 22 2025,1,"3,990",0.05,M-Pesa,web,2
ORD10421,C0013,P19,2025-01-06,2,1500,0,M-Pesa,store,4
ORD10151,C0275,P07,2024-10-26,1,950,0,Cash,Store,3
ORD11513,C0133,P01,2024-12-25,5,3150,0.1,Mpesa,Store,3
ORD11740,C0118,P19,09/01/2024,1,1275,0.15,mpesa,store,5
ORD11256,C0078,P04,May 20 2025,4,1530,0.15,Cash,Store,3
ORD10871,C0193,P18,16/01/2025,1,510,0.15,card,Store,4
ORD10711,C0244,P15,Nov 9 2024,1,750,0,Mpesa,store,5
ORD11452,C0103,P16,2024-05-01,4,1200,0,M-Pesa,Store,4
ORD10906,C0208,P02,2024-10-08,3,720,0.1,Mpesa,Web,3
ORD11805,C0008,P11,26/11/2024,2,"1,710",0.1,Cash,Web,3
ORD11041,C0119,P18,22/08/2024,4,600,0,M-Pesa,App,5
ORD11087,C0060,P06,2025-03-01,2,KES 300,0,Card,Web,3
ORD11007,C0188,P01,Nov 26 2024,1,3500,0,card,store,3
ORD11412,C0036,P11,23/05/2025,2,1900,0,card,web,4
ORD11565,C0230,P19,Jan 12 2024,1,KES 1425,0.05,Card,web,4
ORD11950,C0256,P03,17/08/2024,2,KES 2250,0.1,cash,app,3
ORD10275,C0210,P12,08/04/2025,1,350,0,mpesa,Web,4
ORD10883,C0224,P09,2024-12-06,2,KES 4200,0,cash,Store,4
ORD11963,C0172,P14,2024-12-04,2,1600,0,M-Pesa,app,
ORD11424,C0137,P07,04/01/2024,2,950,0,cash,store,3
ORD10674,C0132,P10,Dec 7 2024,2,700,0,cash,App,3
ORD10796,C0272,P01,Sep 2 2024,1,3500,0,M-Pesa,store,1
ORD10192,C0269,P03,22/10/2024,2,KES 2250,0.1,card,app,3
ORD10072,C0207,P03,18/06/2025,1,"2,375",0.05,Cash,App,4
ORD10418,C0278,P04,08/03/2024,60,1800,0,card,Store,4
ORD10531,C0139,P09,Jan 28 2025,1,4200,0,Card,Web,4
ORD10717,C0116,P17,28/04/2024,1,KES 2380,0.15,cash,store,4
ORD10892,C0267,P12,2025-01-26,3,KES 350,0,M-Pesa,Store,3
ORD11620,C0147,P18,2024-01-28,3,KES 600,0,mpesa,Web,4
ORD11034,C0240,P18,Mar 3 2024,2,KES 510,0.15,M-Pesa,app,5
ORD11196,C0136,P12,2024-09-27,4,350,0,Card,Store,3
ORD11029,C0227,P14,2024-05-09,1,1520,0.05,Card,app,3
ORD11299,C0234,P10,18/04/2025,1,700,0,mpesa,App,4
ORD10170,C0069,P09,06/06/2024,2,3990,0.05,cash,Store,4
ORD10526,C0128,P02,08/03/2024,1,KES 800,0,card,app,3
ORD11390,C0153,P15,04/05/2025,3,750,0,Cash,Store,4
ORD11186,C0202,P12,2024-10-10,4,332,0.05,card,App,5
ORD10085,C0179,P14,Jan 4 2024,2,"1,360",0.15,cash,Store,4
ORD11498,C0113,P01,01/01/2024,1,KES 3500,0,M-Pesa,web,3
ORD11243,C0143,P07,03/05/2024,4,902,0.05,card,Store,3
ORD11831,C0160,P07,27/01/2024,1,KES 950,0,card,Store,3
ORD11721,C0153,P01,2024-03-16,2,3325,0.05,card,store,3
ORD11888,C0132,P15,2024-01-03,4,750,0,Cash,Store,5
ORD10977,C0276,P03,02/09/2024,1,2250,0.1,cash,web,4
ORD10615,C0296,P13,Jan 20 2024,1,KES 200,0,card,web,
ORD10734,C0069,P11,23/08/2024,3,"1,900",0,M-Pesa,Store,5
ORD10857,C0095,P19,2025-02-10,1,1500,0,M-Pesa,App,3
ORD10026,C0010,P07,01/11/2024,3,950,0,Cash,Store,4
ORD10536,C0203,P02,04/09/2024,1,760,0.05,cash,App,4
ORD10372,C0225,P06,07/05/2024,1,300,0,Mpesa,app,4
ORD11597,C0074,P10,Jun 1 2024,2,700,0,Mpesa,web,3
ORD10058,C0078,P15,02/12/2024,4,750,0,Mpesa,Store,4
ORD11131,C0097,P13,2024-03-22,1,KES 190,0.05,card,app,4
ORD10589,C0243,P01,01/11/2024,2,KES 3500,0,Mpesa,store,4
ORD10089,C0167,P08,2024-04-28,1,2090,0.05,Mpesa,Web,4
ORD10778,C0078,P07,16/10/2024,3,KES 855,0.1,mpesa,App,3
ORD11779,C0133,P17,2024-11-02,1,"2,800",0,Mpesa,Web,3
ORD11790,C0055,P19,Nov 25 2024,2,"1,425",0.05,Mpesa,web,3
ORD11056,C0138,P09,Jun 27 2024,4,"4,200",0,Mpesa,store,3
ORD11444,C0181,P11,Apr 10 2024,1,1900,0,Cash,web,3
ORD11782,C0051,P19,2024-10-28,4,KES 1275,0.15,card,Store,4
ORD10047,C0184,P04,Oct 13 2024,4,"1,710",0.05,Cash,app,3
ORD11315,C0038,P08,2025-06-06,2,2200,0,Mpesa,store,4
ORD11048,C0118,P18,05/02/2025,5,570,0.05,cash,store,
ORD11872,C0103,P06,01/05/2024,3,285,0.05,mpesa,store,4
ORD10678,C0154,P19,Jul 18 2024,2,"1,500",0,Cash,Web,
ORD10091,C0184,P09,2024-07-09,1,4200,0,cash,app,3
ORD10381,C0165,P07,06/10/2024,2,950,0,mpesa,App,3
ORD10685,C0295,P10,11/01/2024,2,KES 700,0,mpesa,web,4
ORD11602,C0142,P13,26/02/2025,1,200,0,mpesa,Store,3
ORD11532,C0086,P08,2024-12-02,1,KES 1980,0.1,mpesa,App,4
ORD10716,C0175,P09,Feb 23 2024,1,4200,0,cash,App,2
ORD11249,C0299,P17,Jul 27 2024,1,"2,800",0,M-Pesa,Store,2
ORD10296,C0184,P06,Jul 21 2024,3,300,0,Card,store,3
ORD10250,C0141,P07,2024-01-15,5,950,0,Cash,store,3
ORD11414,C0047,P12,Oct 8 2024,2,332,0.05,card,web,5
ORD11139,C0224,P05,17/09/2024,1,4420,0.15,Card,Web,3
ORD10391,C0274,P04,2024-01-11,2,"1,530",0.15,Cash,web,5
ORD10520,C0169,P02,2024-08-26,2,800,0,M-Pesa,app,2
ORD10263,C0290,P11,2024-10-26,2,1900,0,Mpesa,Web,1
ORD11010,C0109,P04,2024-06-18,3,1800,0,card,Web,4
ORD11260,C0188,P17,24/04/2025,2,"2,660",0.05,Card,App,3
ORD11709,C0078,P08,Jan 26 2025,2,1870,0.15,Cash,App,4
ORD11144,C0214,P13,2024-03-17,2,180,0.1,card,Store,4
ORD11655,C0287,P15,2025-01-25,100,KES 750,0,Cash,store,5
ORD11575,C0203,P16,2025-03-23,2,KES 1200,0,Mpesa,store,4
ORD11353,C0282,P01,Feb 24 2024,1,KES 3500,0,Cash,Web,3
ORD11685,C0030,P12,2024-03-05,2,350,0,cash,App,3
ORD11906,C0048,P09,16/10/2024,1,4200,0,Cash,app,4
ORD11447,C0285,P14,2025-05-02,2,"1,600",0,mpesa,app,3
ORD10298,C0047,P01,Feb 4 2025,40,KES 3325,0.05,Cash,web,5
ORD10323,C0052,P01,2024-02-26,1,3325,0.05,Mpesa,Store,4
ORD10412,C0073,P03,2024-08-24,1,"2,250",0.1,Card,app,4
ORD10100,C0188,P15,2024-02-07,1,750,0,Mpesa,Store,5
ORD10933,C0183,P03,Dec 1 2024,1,2500,0,M-Pesa,web,3
ORD11284,C0261,P01,Apr 28 2024,3,KES 2975,0.15,Cash,store,3
ORD11128,C0276,P17,13/10/2024,4,"2,520",0.1,card,web,5
ORD11474,C0079,P05,Sep 28 2024,5,4940,0.05,card,App,
ORD10265,C0004,P12,10/01/2024,1,KES 350,0,Cash,Store,3
ORD11008,C0050,P04,May 2 2024,2,KES 1530,0.15,mpesa,app,5
ORD10720,C0137,P04,2025-04-13,2,1800,0,card,store,2
ORD11431,C0159,P04,May 1 2024,1,1530,0.15,Mpesa,store,3
ORD11297,C0047,P13,Nov 24 2024,1,200,0,Mpesa,web,2
ORD11298,C0064,P05,26/02/2024,1,"5,200",0,mpesa,Store,4
ORD11355,C0168,P06,2024-09-23,1,300,0,card,store,3
ORD10284,C0054,P18,13/06/2024,1,KES 600,0,Mpesa,App,4
ORD10471,C0039,P16,2024-02-13,1,1200,0,M-Pesa,App,4
ORD11781,C0166,P16,2024-04-04,4,KES 1140,0.05,cash,store,3
ORD10707,C0152,P05,Dec 28 2024,2,KES 4420,0.15,Card,Store,4
ORD10022,C0213,P14,10/02/2024,1,1520,0.05,mpesa,App,4
ORD11756,C0263,P14,08/02/2025,1,1600,0,Cash,store,4
ORD10176,C0241,P05,20/11/2024,5,5200,0,M-Pesa,Store,2
ORD11173,C0112,P15,Jun 26 2025,1,712,0.05,Mpesa,store,
ORD11750,C0053,P11,13/03/2024,1,KES 1900,0,Mpesa,store,5
ORD10554,C0261,P03,2024-05-15,4,"2,500",0,cash,Web,3
ORD11293,C0046,P05,23/10/2024,1,5200,0,Card,Store,3
ORD10396,C0145,P01,03/10/2024,1,KES 3500,0,Card,store,3
ORD11083,C0167,P06,Jun 7 2024,1,270,0.1,Mpesa,Web,4
ORD10062,C0272,P02,28/04/2024,4,680,0.15,mpesa,App,3
ORD10299,C0023,P14,May 7 2025,1,KES 1600,0,card,app,4
ORD10781,C0243,P13,27/04/2025,1,190,0.05,card,Store,3
ORD11164,C0180,P06,Dec 8 2024,7,300,0,mpesa,App,3
ORD11266,C0061,P09,Jun 21 2024,1,KES 4200,0,Mpesa,web,5
ORD10780,C0283,P16,2024-09-15,2,1020,0.15,Mpesa,app,4
ORD11973,C0051,P07,2025-06-07,1,KES 950,0,M-Pesa,app,3
ORD11623,C0019,P20,Mar 12 2024,2,1100,0,Cash,store,3
ORD10823,C0145,P09,Jun 25 2025,1,"3,780",0.1,mpesa,web,4
ORD11642,C0122,P01,15/05/2024,1,3500,0,Cash,Store,4
ORD10728,C0058,P07,Oct 13 2024,4,950,0,Mpesa,Web,4
ORD11022,C0061,P05,Feb 12 2025,1,KES 4680,0.1,Card,store,4
ORD11296,C0216,P12,Aug 23 2024,3,297,0.15,Mpesa,Web,4
ORD11551,C0208,P06,25/10/2024,2,KES 300,0,Cash,Web,5
ORD11407,C0228,P15,Feb 14 2024,1,KES 675,0.1,Mpesa,App,4
ORD10311,C0219,P03,09/10/2024,2,2375,0.05,mpesa,app,4
ORD10257,C0206,P04,01/02/2025,1,1710,0.05,Card,app,3
ORD11031,C0177,P01,21/06/2025,3,3500,0,M-Pesa,web,
ORD10854,C0289,P01,Mar 12 2025,2,3500,0,Card,app,3
ORD11503,C0051,P05,04/08/2024,2,"5,200",0,mpesa,web,3
ORD11096,C0078,P05,Apr 15 2024,1,KES 4940,0.05,M-Pesa,Web,3
ORD10828,C0252,P16,2025-06-04,2,1140,0.05,card,Web,4
ORD10252,C0023,P08,Feb 3 2024,1,2200,0,Cash,web,4
ORD10274,C0044,P05,11/03/2024,1,5200,0,Card,app,4
ORD10512,C0016,P06,07/11/2024,1,300,0,Card,store,3
ORD11360,C0081,P07,08/08/2024,3,KES 902,0.05,Card,store,5
ORD10327,C0097,P01,Nov 26 2024,1,"3,500",0,Cash,app,2
ORD10271,C0042,P16,Mar 25 2024,1,"1,080",0.1,Card,Store,2
ORD11303,C0195,P08,2024-11-24,1,KES 2200,0,mpesa,App,3
ORD11767,C0107,P16,2024-05-27,1,1200,0,mpesa,Store,2
ORD11438,C0088,P06,Mar 3 2024,1,300,0,Card,web,4
ORD11539,C0052,P16,09/12/2024,2,"1,200",0,Mpesa,store,4
ORD11747,C0297,P07,2024-08-09,4,KES 950,0,M-Pesa,app,4
ORD10191,C0223,P14,Mar 8 2024,1,KES 1600,0,Card,Store,4
ORD11261,C0233,P13,2024-09-11,3,180,0.1,Mpesa,app,5
ORD11413,C0108,P12,Aug 11 2024,3,350,0,cash,app,3
ORD10779,C0052,P18,Jun 18 2024,4,600,0,Mpesa,Store,3
ORD11312,C0115,P19,2024-02-04,3,1425,0.05,mpesa,app,3
ORD10783,C0154,P13,May 7 2024,1,170,0.15,mpesa,store,3
ORD11422,C0206,P09,17/01/2024,2,"4,200",0,cash,App,4
ORD10214,C0075,P01,02/05/2025,4,3500,0,Cash,store,4
ORD10858,C0031,P17,05/01/2024,1,KES 2800,0,cash,app,5
ORD11937,C0227,P10,2024-12-12,6,665,0.05,mpesa,App,3
ORD11580,C0288,P14,2024-03-06,2,1520,0.05,Card,web,4
ORD11265,C0229,P06,2024-04-09,4,KES 300,0,mpesa,store,5
ORD11682,C0197,P13,17/05/2024,1,200,0,mpesa,app,3
ORD11975,C0143,P02,2025-06-23,5,720,0.1,Card,store,5
ORD10628,C0251,P15,2024-12-27,3,750,0,Mpesa,App,3
ORD10853,C0299,P16,2024-08-04,3,KES 1020,0.15,Mpesa,web,4
ORD11733,C0113,P09,15/06/2025,1,KES 4200,0,Card,app,5
ORD10312,C0146,P13,2025-06-07,2,200,0,cash,Store,3
ORD10698,C0179,P08,18/03/2024,2,KES 1870,0.15,cash,Store,3
ORD10546,C0027,P20,08/04/2025,2,KES 1100,0,cash,App,4
ORD11836,C0250,P06,27/09/2024,1,255,0.15,mpesa,app,5
ORD11523,C0212,P15,2024-06-28,1,750,0,Mpesa,Store,3
ORD11676,C0231,P14,16/06/2024,1,KES 1600,0,cash,store,2
ORD11660,C0274,P11,2024-05-01,1,1900,0,card,web,3
ORD10201,C0053,P14,18/02/2025,3,1600,0,Card,app,4
ORD11210,C0220,P15,Jul 18 2024,2,KES 712,0.05,card,App,4
ORD11223,C0049,P08,18/11/2024,4,"2,200",0,cash,web,2
ORD10376,C0005,P14,2025-04-17,1,KES 1520,0.05,mpesa,Web,4
ORD11143,C0064,P20,23/04/2024,2,990,0.1,M-Pesa,Store,4
ORD10245,C0276,P03,Mar 15 2024,2,2250,0.1,mpesa,app,4
ORD11628,C0279,P18,Jan 18 2025,2,510,0.15,Mpesa,app,
ORD10666,C0227,P07,Mar 11 2025,5,950,0,card,App,3
ORD10625,C0156,P14,Sep 15 2024,3,"1,440",0.1,cash,app,4
ORD10486,C0296,P14,Dec 21 2024,1,1360,0.15,card,web,3
ORD10885,C0284,P02,2024-09-10,1,800,0,mpesa,web,5
ORD11449,C0291,P05,Mar 24 2024,2,KES 5200,0,Card,Store,3
ORD10833,C0007,P19,23/02/2024,2,1350,0.1,Mpesa,App,
ORD10935,C0222,P04,May 20 2025,3,1800,0,cash,Store,3
ORD10654,C0176,P10,2025-03-05,1,700,0,M-Pesa,web,3
ORD10640,C0290,P14,08/02/2025,5,KES 1360,0.15,Card,Store,3
ORD11359,C0054,P08,2025-02-03,2,KES 2200,0,Cash,Store,4
ORD10620,C0218,P20,2025-01-20,2,KES 1045,0.05,mpesa,App,4
ORD11124,C0108,P17,23/10/2024,2,KES 2380,0.15,Card,store,
ORD11953,C0112,P10,2025-01-13,5,665,0.05,Card,web,4
ORD10738,C0069,P13,Jul 26 2024,2,190,0.05,Mpesa,Store,4
ORD10834,C0013,P09,27/07/2024,1,4200,0,cash,web,2
ORD11711,C0014,P16,2024-01-20,4,1140,0.05,M-Pesa,app,3
ORD11262,C0190,P19,2025-04-13,5,1500,0,Mpesa,App,3
ORD11218,C0214,P02,Mar 12 2024,1,720,0.1,Card,store,5
ORD10204,C0260,P08,Nov 24 2024,4,2090,0.05,Card,store,2
ORD11776,C0032,P03,04/02/2025,2,2500,0,mpesa,Store,3
ORD11375,C0213,P08,2024-01-01,1,2090,0.05,Mpesa,Web,3
ORD11554,C0095,P03,2025-04-24,3,KES 2500,0,Mpesa,App,
ORD11592,C0168,P01,Jan 6 2024,2,3325,0.05,Cash,App,5
ORD10903,C0034,P06,2024-02-15,1,300,0,M-Pesa,Web,5
ORD10921,C0172,P05,2024-02-09,4,KES 4940,0.05,Card,Web,5
ORD10021,C0120,P10,Jul 4 2024,1,KES 665,0.05,cash,Store,3
ORD10607,C0068,P10,19/02/2024,1,700,0,Mpesa,web,3
ORD11722,C0107,P04,2024-12-22,3,1710,0.05,Mpesa,Web,5
ORD10120,C0242,P04,09/10/2024,2,1710,0.05,card,store,4
ORD10388,C0261,P13,Jun 7 2025,3,200,0,cash,Store,4
ORD10079,C0234,P20,04/06/2024,3,KES 990,0.1,M-Pesa,web,4
ORD10457,C0250,P14,2025-03-20,2,1440,0.1,Card,web,4
ORD10656,C0151,P05,May 7 2024,1,"5,200",0,Mpesa,Store,3
ORD10128,C0176,P06,08/10/2024,1,KES 300,0,Mpesa,web,4
ORD10110,C0084,P18,2024-10-11,1,510,0.15,Cash,Store,5
ORD11656,C0245,P16,2024-03-06,2,"1,200",0,Card,app,3
ORD10742,C0182,P06,Feb 21 2025,4,300,0,mpesa,app,3
ORD10729,C0047,P20,12/01/2025,4,KES 1100,0,Card,Web,2
ORD11313,C0183,P17,27/01/2025,1,2660,0.05,card,app,4
ORD10680,C0117,P15,2024-12-05,3,750,0,Card,app,2
ORD10171,C0115,P01,03/01/2024,4,KES 3325,0.05,mpesa,store,4
ORD10510,C0016,P06,Aug 25 2024,1,KES 255,0.15,M-Pesa,web,
ORD10402,C0058,P16,2024-06-11,5,"1,020",0.15,M-Pesa,Web,4
ORD11729,C0131,P18,2024-07-24,2,KES 600,0,card,app,
ORD11989,C0107,P16,20/12/2024,3,1200,0,card,app,2
ORD11482,C0083,P12,2024-10-01,1,350,0,M-Pesa,App,3
ORD10605,C0239,P19,2024-03-03,2,1500,0,Mpesa,App,2
ORD10178,C0259,P20,2025-01-19,1,"1,100",0,Mpesa,Store,4
ORD10185,C0127,P16,2024-04-22,4,1140,0.05,mpesa,Store,5
ORD10604,C0023,P09,10/07/2024,2,"3,990",0.05,M-Pesa,App,4
ORD10395,C0246,P03,Apr 7 2025,1,2250,0.1,Cash,web,4
ORD10967,C0004,P16,Jul 17 2024,3,KES 1200,0,card,App,3
ORD10316,C0015,P05,2024-09-22,2,5200,0,M-Pesa,Web,3
ORD11829,C0245,P14,2024-07-16,1,"1,600",0,card,web,5
ORD11054,C0096,P08,13/12/2024,2,"2,090",0.05,Cash,app,5
ORD10129,C0041,P14,2024-04-02,1,1520,0.05,M-Pesa,store,3
ORD10355,C0275,P07,2024-03-21,2,902,0.05,card,store,3
ORD11825,C0149,P15,Oct 4 2024,3,712,0.05,cash,App,4
ORD11832,C0290,P05,Aug 21 2024,3,5200,0,Card,Store,2
ORD11606,C0281,P08,Jul 15 2024,1,2200,0,Card,Store,4
ORD10106,C0176,P11,05/04/2025,2,KES 1710,0.1,cash,App,
ORD11562,C0150,P06,Feb 4 2024,3,270,0.1,M-Pesa,Web,3
ORD11741,C0247,P10,Jul 26 2024,1,700,0,card,Store,
ORD11524,C0143,P15,24/02/2025,5,750,0,mpesa,Web,
ORD10948,C0150,P12,2024-05-28,2,315,0.1,mpesa,store,4
ORD11753,C0132,P18,2024-10-21,1,600,0,Mpesa,Store,2
ORD10757,C0133,P14,09/10/2024,1,1520,0.05,Card,app,3
ORD11245,C0067,P15,2025-04-04,1,712,0.05,Cash,web,2
ORD11838,C0148,P12,Apr 5 2024,1,350,0,mpesa,app,4
ORD10210,C0086,P04,2024-07-24,4,KES 1800,0,Cash,App,3
ORD10321,C0231,P19,2024-07-25,1,"1,500",0,cash,app,4
ORD11812,C0141,P03,Mar 13 2025,3,2375,0.05,mpesa,Store,3
ORD10793,C0096,P16,2024-10-15,3,1080,0.1,M-Pesa,web,4
ORD11242,C0151,P18,2024-05-09,2,600,0,mpesa,app,3
ORD11440,C0254,P04,2024-06-10,2,1800,0,M-Pesa,web,4
ORD10260,C0300,P14,05/05/2025,5,"1,600",0,card,App,4
ORD10530,C0108,P04,2024-12-04,3,1800,0,cash,Web,2
ORD10387,C0290,P02,Jul 28 2024,3,760,0.05,Mpesa,app,3
ORD10788,C0176,P05,2024-12-22,5,"5,200",0,cash,Store,4
ORD10528,C0228,P10,Dec 18 2024,4,700,0,M-Pesa,App,4
ORD10133,C0110,P17,2025-04-04,1,"2,800",0,Card,app,4
ORD11091,C0260,P19,23/03/2025,1,"1,425",0.05,Mpesa,web,3
ORD11100,C0091,P04,2024-03-11,1,"1,710",0.05,Mpesa,web,3
ORD10113,C0048,P11,26/02/2024,2,KES 1900,0,M-Pesa,Web,3
ORD11499,C0052,P12,Mar 23 2024,1,332,0.05,Cash,App,4
ORD11996,C0235,P01,2025-02-01,2,"3,500",0,cash,store,3
ORD11837,C0241,P14,2024-09-06,2,"1,600",0,cash,Store,3
ORD11467,C0219,P14,05/01/2024,1,1600,0,M-Pesa,Web,3
ORD11783,C0046,P10,21/03/2024,1,700,0,Mpesa,app,4
ORD10187,C0232,P11,2024-05-11,1,1805,0.05,card,Store,4
ORD11171,C0203,P15,14/04/2025,2,KES 750,0,mpesa,App,4
ORD11560,C0103,P04,06/01/2025,1,1800,0,Cash,app,4
ORD11090,C0204,P02,Jun 26 2025,1,800,0,card,Store,4
ORD10637,C0244,P18,05/01/2024,1,540,0.1,Mpesa,Store,3
ORD10451,C0201,P04,2025-04-21,3,KES 1800,0,Cash,app,4
ORD11964,C0109,P11,15/02/2025,4,"1,900",0,Card,web,4
ORD10198,C0203,P10,2024-03-01,40,630,0.1,Cash,web,4
ORD10420,C0100,P11,Jan 24 2025,3,1805,0.05,card,web,4
ORD11644,C0238,P12,2025-04-05,4,350,0,mpesa,store,3
ORD11820,C0078,P02,Feb 12 2025,1,KES 800,0,Card,Store,4
ORD10364,C0044,P10,2025-06-24,4,700,0,Card,Store,
ORD11271,C0255,P07,Jun 23 2024,4,902,0.05,cash,App,5
ORD11552,C0047,P06,2024-06-26,1,300,0,Card,web,3
ORD10706,C0266,P09,2024-03-15,3,4200,0,card,store,3
ORD10943,C0278,P03,Jun 18 2025,4,"2,500",0,M-Pesa,app,3
ORD10771,C0181,P07,15/01/2025,2,902,0.05,mpesa,App,3
ORD10226,C0190,P19,2024-10-16,1,KES 1500,0,Mpesa,Store,4
ORD11062,C0296,P03,Apr 11 2024,4,KES 2500,0,mpesa,Web,4
ORD10739,C0162,P01,Feb 3 2024,3,3500,0,card,app,4
ORD10676,C0200,P16,Aug 9 2024,1,"1,200",0,Card,App,
ORD10768,C0038,P01,2025-04-24,4,3500,0,card,App,3
ORD11134,C0254,P18,Aug 11 2024,1,540,0.1,mpesa,Web,4
ORD10349,C0276,P04,Jul 20 2024,5,KES 1800,0,M-Pesa,Store,2
ORD11923,C0214,P05,2025-04-07,1,5200,0,mpesa,app,2
ORD11625,C0252,P16,2024-01-26,40,"1,080",0.1,mpesa,App,3
ORD11387,C0165,P18,22/11/2024,1,KES 600,0,Cash,App,3
ORD11445,C0139,P12,2024-12-04,3,350,0,mpesa,Store,
ORD10621,C0175,P17,2024-01-21,2,KES 2520,0.1,Card,web,4
ORD11070,C0144,P18,Nov 27 2024,3,600,0,Mpesa,Store,4
ORD11182,C0121,P18,02/10/2024,4,570,0.05,Card,Store,5
ORD10118,C0140,P14,13/06/2024,2,1520,0.05,M-Pesa,App,4
ORD11269,C0086,P05,18/04/2024,1,"5,200",0,Mpesa,web,3
ORD11275,C0155,P08,Apr 26 2024,3,2200,0,Card,web,4
ORD11887,C0072,P05,Feb 25 2025,2,"4,420",0.15,cash,app,4
ORD10671,C0081,P11,May 25 2025,5,"1,805",0.05,Mpesa,App,4
ORD11233,C0285,P18,Mar 6 2025,1,600,0,mpesa,web,3
ORD11127,C0293,P17,2025-05-05,4,2800,0,Card,Web,2
ORD11001,C0107,P01,2024-01-18,2,3500,0,Mpesa,store,2
ORD10243,C0163,P11,22/09/2024,5,"1,900",0,Mpesa,app,4
ORD11420,C0074,P16,Feb 9 2025,1,"1,080",0.1,Card,Web,4
ORD11708,C0108,P17,Sep 1 2024,2,2800,0,Card,Web,4
ORD11306,C0135,P10,Aug 13 2024,1,KES 700,0,cash,Store,4
ORD10746,C0226,P06,2025-05-26,1,300,0,mpesa,Web,5
ORD11101,C0147,P13,28/05/2024,1,200,0,Cash,app,3
ORD11588,C0139,P08,2024-04-02,1,2200,0,Cash,App,3
ORD11079,C0273,P06,2025-04-06,2,285,0.05,Card,app,4
ORD11913,C0157,P11,18/02/2024,1,1900,0,Card,web,2
ORD10430,C0204,P14,24/07/2024,2,1600,0,mpesa,app,3
ORD10715,C0242,P08,2025-03-15,1,2090,0.05,cash,store,4
ORD10160,C0293,P17,2024-04-03,2,2380,0.15,cash,App,5
ORD11094,C0296,P06,2024-12-07,2,KES 300,0,M-Pesa,Store,3
ORD11822,C0193,P05,Jun 17 2024,3,"4,940",0.05,mpesa,Store,3
ORD11581,C0296,P01,Apr 25 2025,1,3500,0,Cash,Store,3
ORD10856,C0260,P08,18/05/2024,1,"2,200",0,Card,Web,3
ORD10547,C0119,P15,24/11/2024,3,750,0,M-Pesa,App,5
ORD10400,C0125,P02,2025-06-10,2,800,0,Mpesa,Web,4
ORD10765,C0036,P08,2025-05-11,1,2200,0,Cash,Web,4
ORD11052,C0273,P16,2025-01-28,2,KES 1200,0,mpesa,Store,3
ORD10727,C0104,P09,2025-04-25,1,KES 3780,0.1,mpesa,Web,3
ORD10289,C0178,P10,2025-01-08,2,700,0,Card,app,
ORD10017,C0146,P20,2025-06-02,1,"1,100",0,mpesa,App,5
ORD11700,C0051,P15,Jul 21 2024,2,750,0,mpesa,Web,3
ORD11380,C0141,P11,02/02/2025,2,KES 1710,0.1,cash,web,3
ORD11035,C0058,P08,05/02/2025,1,2090,0.05,card,Store,3
ORD11813,C0174,P11,2025-03-13,1,1615,0.15,card,app,5
ORD10750,C0047,P11,10/05/2025,2,KES 1900,0,Card,web,3
ORD10416,C0095,P18,2024-03-06,3,600,0,Cash,app,3
ORD11715,C0169,P11,02/02/2024,2,KES 1900,0,Cash,Web,4
ORD10417,C0100,P09,2024-04-11,1,KES 3990,0.05,mpesa,web,2
ORD10195,C0214,P10,20/11/2024,2,665,0.05,cash,web,3
ORD11704,C0029,P02,Feb 2 2025,1,760,0.05,cash,app,3
ORD10981,C0014,P05,21/12/2024,3,"4,680",0.1,mpesa,web,4
ORD11017,C0075,P18,Dec 11 2024,4,600,0,mpesa,Web,2
ORD10635,C0209,P07,Jan 15 2024,3,950,0,M-Pesa,web,3
ORD10847,C0180,P16,03/01/2024,1,"1,140",0.05,card,Web,2
ORD10832,C0289,P16,16/03/2024,3,1200,0,Card,web,3
ORD11545,C0165,P18,Apr 10 2024,2,510,0.15,Card,Web,5
ORD11432,C0200,P09,2025-02-05,1,"4,200",0,M-Pesa,App,2
ORD11396,C0245,P07,Oct 6 2024,1,950,0,card,Web,2
ORD11531,C0278,P19,2024-02-07,2,KES 1500,0,Mpesa,Web,3
ORD11100,C0091,P04,2024-03-11,1,"1,710",0.05,Mpesa,web,3
ORD10168,C0015,P02,Jun 11 2024,2,800,0,M-Pesa,web,3
ORD11896,C0078,P14,18/11/2024,5,1600,0,mpesa,Web,5
ORD11689,C0171,P02,20/06/2025,2,800,0,Mpesa,App,
ORD11321,C0069,P17,05/05/2024,2,2800,0,card,Web,4
ORD10984,C0002,P09,05/08/2024,1,4200,0,card,Web,3
ORD11033,C0119,P03,2024-05-06,5,"2,375",0.05,Card,Web,3
ORD11603,C0038,P05,Dec 28 2024,4,KES 4420,0.15,Mpesa,store,4
ORD10462,C0216,P14,09/11/2024,3,1600,0,M-Pesa,app,3
ORD11478,C0183,P06,2024-12-21,1,300,0,M-Pesa,store,3
ORD10340,C0243,P12,Jan 28 2025,1,350,0,M-Pesa,web,3
ORD11376,C0177,P13,12/01/2025,1,190,0.05,M-Pesa,Store,3
ORD11528,C0284,P10,Dec 15 2024,7,665,0.05,card,Store,3
ORD11768,C0217,P16,2025-06-07,4,KES 1080,0.1,M-Pesa,App,3
ORD10211,C0172,P05,2024-04-25,3,KES 5200,0,cash,app,3
ORD10577,C0278,P20,May 27 2024,1,"1,100",0,cash,App,4
ORD10537,C0092,P15,Mar 16 2025,40,KES 637,0.15,Card,Web,3
ORD11240,C0111,P03,Jun 6 2025,5,"2,500",0,mpesa,App,4
ORD10670,C0242,P04,2024-10-13,4,KES 1710,0.05,card,store,3
ORD10384,C0098,P07,2025-03-25,4,KES 950,0,M-Pesa,web,3
ORD10005,C0034,P06,2025-03-15,4,300,0,Card,Web,3
ORD10262,C0101,P07,Jul 20 2024,3,902,0.05,cash,Store,3
ORD11694,C0222,P01,2024-06-26,3,3500,0,mpesa,Store,4
ORD10619,C0125,P04,25/01/2025,1,"1,800",0,cash,store,2
ORD10612,C0005,P06,06/02/2025,2,KES 270,0.1,cash,Web,4
ORD10932,C0092,P04,Mar 16 2025,1,"1,620",0.1,cash,Web,3
ORD10534,C0284,P13,17/10/2024,4,KES 200,0,Card,app,3
ORD10343,C0193,P14,2024-06-06,4,1360,0.15,card,store,
ORD10695,C0213,P06,Feb 24 2025,1,KES 255,0.15,mpesa,Web,4
ORD11024,C0219,P04,04/05/2024,3,KES 1800,0,cash,App,2
ORD11778,C0061,P13,2025-06-10,5,200,0,cash,web,
ORD11793,C0261,P14,2024-06-25,1,1600,0,M-Pesa,store,3
ORD10929,C0103,P01,2025-02-01,1,KES 2975,0.15,Cash,store,3
ORD11734,C0184,P20,09/01/2024,1,1045,0.05,mpesa,App,3
ORD10184,C0093,P06,May 1 2025,3,KES 285,0.05,Card,Web,4
ORD11744,C0275,P16,08/08/2024,1,1200,0,card,app,4
ORD11209,C0269,P08,13/11/2024,4,2200,0,M-Pesa,store,5
ORD11130,C0225,P01,Jun 16 2025,1,3500,0,cash,web,4
ORD10436,C0163,P01,22/05/2024,4,"3,500",0,card,store,3
ORD10498,C0004,P15,May 11 2025,2,750,0,cash,App,4
ORD10923,C0259,P09,2025-05-20,1,4200,0,cash,store,3
ORD10629,C0183,P14,04/01/2024,2,1600,0,card,store,4
ORD10992,C0200,P10,06/01/2025,1,KES 700,0,Cash,store,
ORD11930,C0024,P05,25/06/2025,1,5200,0,Card,app,3
ORD11909,C0152,P18,Aug 14 2024,2,KES 570,0.05,cash,app,5
ORD10770,C0090,P13,15/09/2024,4,KES 200,0,Card,web,
ORD10795,C0084,P13,14/10/2024,2,200,0,Cash,web,5
ORD11089,C0071,P19,Jun 1 2025,4,1500,0,Mpesa,App,3
ORD11924,C0049,P05,Mar 28 2024,2,KES 5200,0,cash,app,2
ORD10442,C0258,P19,2024-02-04,2,1500,0,M-Pesa,App,4
ORD11735,C0014,P20,15/06/2024,1,1100,0,mpesa,app,4
ORD11932,C0267,P07,Oct 2 2024,1,KES 950,0,Cash,Store,4
ORD10112,C0227,P11,Apr 13 2024,3,KES 1900,0,Card,App,3
ORD10518,C0148,P03,Jun 2 2025,2,2125,0.15,card,app,3
ORD10137,C0203,P15,May 13 2025,2,750,0,Cash,web,4
ORD10318,C0257,P18,Jan 4 2025,2,570,0.05,cash,web,5
ORD10357,C0273,P04,11/06/2025,2,KES 1800,0,cash,web,3
ORD10864,C0075,P02,Dec 18 2024,2,720,0.1,mpesa,app,5
ORD11095,C0213,P16,2024-03-04,1,1200,0,M-Pesa,store,2
ORD11276,C0018,P07,Apr 6 2024,1,950,0,card,store,4
ORD11892,C0272,P18,2024-07-01,2,600,0,cash,store,5
ORD11393,C0263,P16,03/05/2025,2,KES 1080,0.1,Card,Store,3
ORD10985,C0121,P14,May 12 2024,3,1360,0.15,mpesa,App,4
ORD11392,C0016,P08,Jul 8 2024,1,KES 2200,0,Card,Web,4
ORD10569,C0121,P01,2024-10-14,1,"3,150",0.1,mpesa,store,3
ORD10646,C0128,P06,Apr 13 2025,2,KES 300,0,cash,web,2
ORD10035,C0026,P05,2024-01-02,2,5200,0,Card,web,3
ORD10585,C0040,P13,2024-05-06,3,190,0.05,cash,Web,3
ORD11880,C0149,P01,Feb 13 2024,3,3325,0.05,M-Pesa,App,3
ORD11016,C0294,P13,25/10/2024,3,190,0.05,card,App,4
ORD10380,C0219,P02,2024-10-02,1,680,0.15,M-Pesa,Web,4
ORD11442,C0008,P05,Nov 22 2024,1,5200,0,card,App,5
ORD11176,C0231,P05,24/09/2024,1,"5,200",0,Mpesa,App,3
ORD11876,C0148,P17,19/05/2025,3,2520,0.1,card,Web,3
ORD11811,C0273,P10,07/06/2024,1,700,0,cash,Web,5
ORD10007,C0022,P08,May 13 2025,2,2200,0,Mpesa,App,3
ORD10474,C0158,P19,06/04/2024,1,1425,0.05,Card,store,4
ORD11416,C0261,P08,Apr 25 2025,2,1980,0.1,Card,Web,3
ORD10476,C0028,P15,07/09/2024,1,KES 750,0,card,App,4
ORD11436,C0185,P07,2025-02-01,5,950,0,Card,web,2
ORD10336,C0005,P18,Mar 5 2025,1,600,0,Mpesa,store,4
ORD11471,C0171,P08,Jan 7 2024,1,"2,090",0.05,Card,web,5
ORD10565,C0286,P20,20/07/2024,3,KES 1045,0.05,Cash,App,4
ORD10138,C0034,P12,24/07/2024,1,297,0.15,cash,store,5
ORD11267,C0213,P04,2024-10-26,3,1800,0,card,app,3
ORD11314,C0041,P19,11/07/2024,4,1500,0,Mpesa,Web,3
ORD11078,C0048,P02,Jan 7 2025,3,800,0,mpesa,Web,3
ORD10034,C0180,P18,Nov 10 2024,1,540,0.1,card,app,4
ORD10767,C0002,P19,Feb 8 2024,3,1500,0,card,Store,4
ORD11200,C0249,P17,2025-05-14,1,2660,0.05,card,App,4
ORD11229,C0201,P06,Oct 2 2024,1,KES 300,0,Cash,Store,3
ORD10702,C0267,P17,2024-09-28,3,2800,0,Cash,Web,
ORD10827,C0111,P06,11/11/2024,1,300,0,card,web,3
ORD10755,C0105,P16,2024-07-13,2,1200,0,mpesa,Web,
ORD10272,C0238,P06,19/11/2024,3,300,0,Mpesa,web,4
ORD11458,C0128,P14,2024-04-17,4,"1,600",0,M-Pesa,store,
ORD11898,C0097,P19,2024-03-12,5,1275,0.15,M-Pesa,store,5
ORD11516,C0015,P08,05/05/2025,1,KES 2200,0,Mpesa,Web,4
ORD10032,C0053,P17,10/10/2024,1,"2,660",0.05,cash,app,4
ORD11994,C0175,P09,May 24 2024,2,4200,0,Cash,app,3
ORD11450,C0066,P07,Nov 2 2024,5,KES 950,0,M-Pesa,web,
ORD10301,C0143,P20,2024-12-16,1,KES 1045,0.05,mpesa,Web,
ORD11826,C0101,P20,14/04/2024,4,935,0.15,mpesa,web,3
ORD10785,C0251,P11,15/06/2024,1,"1,900",0,M-Pesa,App,5
ORD11830,C0037,P05,2025-01-16,3,5200,0,mpesa,web,2
ORD11601,C0140,P17,15/06/2025,1,KES 2660,0.05,card,App,2
ORD11979,C0095,P08,2025-02-18,1,"2,200",0,mpesa,App,3
ORD11333,C0116,P20,May 9 2024,1,"1,045",0.05,Mpesa,Store,4
ORD11865,C0004,P18,2025-04-15,1,KES 600,0,Card,app,3
ORD10818,C0280,P02,07/05/2025,2,KES 760,0.05,M-Pesa,App,3
ORD11870,C0209,P10,25/02/2024,2,700,0,M-Pesa,Store,4
ORD11195,C0207,P05,16/02/2025,1,4940,0.05,Card,Web,3
ORD11501,C0142,P16,Feb 27 2025,1,1200,0,cash,Web,4
ORD10300,C0220,P04,2024-08-13,1,1800,0,Mpesa,Web,3
ORD11475,C0151,P16,2025-03-21,3,"1,200",0,M-Pesa,Web,4
ORD10574,C0192,P11,2025-02-17,1,1615,0.15,cash,app,4
ORD10000,C0075,P19,Jun 5 2024,1,1275,0.15,cash,App,5
ORD11369,C0255,P09,13/06/2025,1,4200,0,card,web,3
ORD10997,C0132,P19,2024-11-26,4,1425,0.05,M-Pesa,Web,5
ORD11046,C0268,P06,Mar 2 2024,5,300,0,Mpesa,app,5
ORD10836,C0277,P05,12/11/2024,3,KES 5200,0,cash,store,
ORD11326,C0235,P03,02/01/2024,1,2125,0.15,Card,store,4
ORD11564,C0137,P09,Mar 7 2024,3,4200,0,card,App,
ORD11316,C0070,P02,01/08/2024,1,KES 800,0,Cash,app,
ORD11045,C0188,P01,09/11/2024,2,KES 3500,0,Cash,Web,3
ORD10190,C0050,P12,03/05/2025,1,350,0,card,web,3
ORD10870,C0255,P12,Aug 9 2024,1,297,0.15,mpesa,Web,4
ORD11287,C0121,P01,2025-04-10,2,"3,500",0,Mpesa,Web,3
ORD10963,C0288,P01,2024-03-28,1,KES 3500,0,Card,app,4
ORD10627,C0133,P07,02/05/2025,3,950,0,M-Pesa,Web,4
ORD11495,C0061,P08,04/12/2024,2,"2,200",0,cash,web,3
ORD10638,C0088,P13,2024-09-12,2,KES 200,0,Cash,Store,4
ORD10156,C0033,P07,2025-02-08,1,KES 950,0,Mpesa,Web,3
ORD10873,C0063,P12,18/02/2024,1,KES 350,0,cash,Web,3
ORD10822,C0299,P16,2024-01-13,1,KES 1080,0.1,card,Web,2
ORD10566,C0248,P17,21/06/2024,4,"2,520",0.1,card,app,3
ORD11957,C0119,P01,2024-01-21,1,3325,0.05,Cash,web,3
ORD10917,C0077,P03,23/10/2024,3,2500,0,Card,Web,4
ORD11533,C0169,P02,Aug 26 2024,4,720,0.1,Cash,web,
ORD10440,C0059,P06,Mar 28 2025,2,300,0,Cash,App,3
ORD11968,C0124,P03,Apr 10 2025,2,2500,0,Mpesa,app,5
ORD10651,C0031,P10,Jan 13 2025,3,700,0,Card,Web,3
ORD11816,C0144,P01,2024-05-15,2,3150,0.1,Card,App,3
ORD11398,C0027,P20,2024-01-19,2,KES 1100,0,cash,store,3
ORD10208,C0250,P09,Nov 28 2024,3,3990,0.05,Cash,Web,2
ORD11121,C0153,P20,Apr 16 2025,4,KES 1045,0.05,Cash,Web,4
ORD10177,C0031,P02,Nov 20 2024,4,800,0,M-Pesa,App,4
ORD11073,C0163,P03,Jul 7 2024,1,2500,0,card,store,3
ORD10643,C0273,P13,27/08/2024,4,KES 200,0,cash,web,3
ORD11707,C0030,P18,21/10/2024,1,KES 570,0.05,Card,Store,3
ORD10817,C0084,P08,14/03/2024,3,2200,0,Card,app,4
ORD11851,C0001,P03,Apr 12 2024,4,2500,0,card,Web,4
ORD11211,C0091,P11,28/08/2024,1,1710,0.1,Mpesa,Store,5
ORD11162,C0229,P05,2025-02-04,3,4940,0.05,Mpesa,Store,3
ORD11027,C0258,P07,2024-03-27,1,902,0.05,M-Pesa,app,3
ORD11224,C0192,P19,Nov 19 2024,1,1500,0,Cash,Web,5
ORD11567,C0174,P08,24/05/2025,4,KES 2200,0,M-Pesa,app,4
ORD11411,C0052,P17,2024-04-10,1,2520,0.1,Mpesa,app,4
ORD11228,C0235,P13,07/06/2024,40,190,0.05,mpesa,web,4
ORD11854,C0053,P09,May 2 2025,2,4200,0,M-Pesa,app,3
ORD10159,C0153,P03,Feb 13 2025,4,KES 2250,0.1,Mpesa,Web,4
ORD11512,C0016,P09,23/05/2025,4,"4,200",0,cash,web,3
ORD11688,C0210,P07,21/02/2024,4,807,0.15,Mpesa,Web,5
ORD10740,C0083,P07,Aug 16 2024,5,807,0.15,mpesa,Web,4
ORD11363,C0137,P08,2024-03-14,2,2200,0,card,store,3
ORD11543,C0054,P10,Aug 16 2024,2,630,0.1,Cash,web,4
ORD11197,C0065,P01,May 1 2024,1,3500,0,Cash,Web,3
ORD10630,C0203,P08,09/06/2024,1,2090,0.05,Cash,Store,3
ORD11668,C0153,P02,25/05/2024,4,KES 760,0.05,Card,app,4
ORD10502,C0243,P01,2025-05-27,2,"3,500",0,cash,Store,1
ORD11506,C0238,P04,Dec 16 2024,2,1800,0,Mpesa,Web,5
ORD10122,C0295,P01,2024-09-06,1,"3,500",0,mpesa,app,4
ORD10143,C0221,P04,2025-01-02,2,KES 1800,0,card,store,4
ORD10161,C0169,P19,2025-01-07,3,1275,0.15,Mpesa,web,4
ORD11509,C0096,P18,14/05/2025,3,KES 600,0,M-Pesa,app,4
ORD11168,C0016,P07,Jun 1 2025,2,855,0.1,cash,Web,5
ORD11751,C0266,P05,2024-05-11,1,KES 5200,0,Mpesa,store,3
ORD10059,C0079,P16,2025-02-21,3,KES 1200,0,card,store,4
ORD10955,C0057,P10,May 16 2024,1,665,0.05,card,app,4
ORD10532,C0196,P13,2025-03-10,1,200,0,M-Pesa,Store,3
ORD10075,C0225,P07,08/05/2024,1,807,0.15,M-Pesa,Store,4
ORD11764,C0147,P14,04/06/2025,1,KES 1600,0,mpesa,Store,3
ORD10027,C0085,P19,Jan 10 2025,1,"1,425",0.05,Cash,Web,4
ORD11561,C0268,P12,Apr 14 2025,5,KES 332,0.05,cash,App,4
ORD11374,C0022,P11,Apr 9 2025,1,1900,0,card,App,
ORD11399,C0175,P06,17/04/2024,3,300,0,Mpesa,store,3
ORD11292,C0031,P16,Jan 3 2024,3,1200,0,M-Pesa,web,5
ORD10065,C0129,P07,2024-02-22,1,807,0.15,Cash,Web,4
ORD10880,C0256,P17,Jan 23 2025,3,2800,0,Mpesa,app,3
ORD10842,C0116,P15,2024-05-17,3,750,0,Mpesa,Web,
ORD10266,C0185,P02,Jan 28 2024,1,KES 800,0,Mpesa,web,
ORD11386,C0074,P15,Apr 12 2025,1,750,0,Cash,store,3
ORD11771,C0203,P19,2024-09-04,2,1275,0.15,Cash,app,5
ORD10410,C0283,P14,05/08/2024,1,1520,0.05,Cash,app,5
ORD11871,C0188,P05,22/06/2024,4,"4,420",0.15,Mpesa,app,3
ORD10369,C0019,P15,2025-04-12,60,750,0,mpesa,store,4
ORD10700,C0050,P16,2025-04-05,3,1200,0,Cash,Web,4
ORD10503,C0225,P20,Apr 27 2024,2,KES 1100,0,Mpesa,Store,5
ORD10748,C0281,P13,27/03/2025,4,KES 200,0,cash,app,4
ORD10865,C0262,P16,Jan 18 2025,3,KES 1200,0,Card,App,3
ORD11345,C0043,P06,May 12 2024,1,285,0.05,card,store,5
ORD11340,C0082,P12,2024-05-20,1,350,0,Cash,App,3
ORD10683,C0045,P19,Mar 25 2025,2,1425,0.05,cash,App,3
ORD11639,C0192,P16,02/06/2025,60,1200,0,Card,web,4
ORD11075,C0114,P14,Mar 10 2025,4,1520,0.05,Mpesa,store,4
ORD10500,C0265,P05,Jun 10 2025,3,"5,200",0,Cash,Web,
ORD10703,C0102,P06,06/01/2024,1,285,0.05,M-Pesa,Store,3
ORD10539,C0066,P08,Jun 4 2024,1,2200,0,Mpesa,store,4
ORD11479,C0253,P07,Jun 1 2025,2,950,0,Mpesa,App,2
ORD10594,C0244,P01,16/11/2024,1,"3,500",0,card,Web,4
ORD11525,C0081,P12,2025-06-20,1,KES 350,0,Card,store,5
ORD10495,C0050,P05,23/05/2025,2,4420,0.15,mpesa,app,3
ORD11938,C0163,P02,2024-01-17,3,800,0,card,Store,3
ORD11036,C0177,P13,2024-04-19,1,KES 180,0.1,cash,Store,3
ORD11486,C0239,P18,05/02/2025,1,540,0.1,Cash,Store,4
ORD11936,C0165,P15,Jul 19 2024,2,750,0,Card,Web,4
ORD10815,C0162,P13,06/06/2025,1,200,0,Cash,App,4
ORD10763,C0023,P19,06/01/2024,4,1275,0.15,Mpesa,store,4
ORD10837,C0254,P18,05/02/2025,1,570,0.05,Cash,app,
ORD11630,C0122,P11,2025-02-28,1,1900,0,cash,app,4
ORD10068,C0142,P02,03/01/2025,1,KES 800,0,card,app,
ORD11512,C0016,P09,23/05/2025,4,"4,200",0,cash,web,3
ORD10568,C0218,P04,25/06/2024,2,1800,0,card,app,3
ORD11743,C0223,P14,Apr 12 2024,2,1600,0,M-Pesa,Web,4
ORD11169,C0199,P08,Feb 13 2024,1,KES 2200,0,mpesa,store,3
ORD10095,C0018,P14,04/05/2025,1,1520,0.05,Mpesa,Web,4
ORD11469,C0192,P01,Apr 27 2025,3,"3,500",0,mpesa,app,3
ORD11317,C0297,P14,May 26 2025,3,1520,0.05,M-Pesa,Store,4
ORD10066,C0045,P20,May 4 2024,1,KES 1045,0.05,mpesa,App,4
ORD11615,C0270,P14,Nov 24 2024,5,"1,520",0.05,cash,Web,5
ORD10119,C0300,P10,2025-04-01,2,700,0,mpesa,store,4
ORD11204,C0161,P01,Jan 17 2024,5,"3,325",0.05,card,store,4
ORD11273,C0032,P02,12/12/2024,4,800,0,M-Pesa,Web,3
ORD10121,C0186,P19,Apr 16 2025,2,1425,0.05,mpesa,Store,4
ORD11918,C0120,P08,2025-04-04,2,KES 2200,0,Mpesa,store,4
ORD11591,C0077,P17,28/06/2024,2,"2,800",0,cash,Store,3
ORD11334,C0163,P04,2025-04-08,1,1620,0.1,Mpesa,web,5
ORD10425,C0087,P10,2024-06-03,1,700,0,mpesa,app,3
ORD11569,C0219,P02,04/10/2024,2,KES 800,0,Card,Store,4
ORD10964,C0274,P03,07/04/2024,2,2500,0,M-Pesa,App,4
ORD11544,C0134,P15,2024-05-18,1,675,0.1,Cash,store,4
ORD10649,C0170,P06,Aug 2 2024,2,300,0,cash,Store,4
ORD10155,C0031,P17,22/07/2024,1,2800,0,Card,App,4
ORD10180,C0066,P16,25/09/2024,3,"1,200",0,Card,web,4
ORD10610,C0258,P18,Sep 4 2024,1,KES 600,0,Card,web,3
ORD10409,C0243,P05,2024-04-28,1,"4,680",0.1,Card,web,3
ORD10718,C0254,P14,Feb 9 2025,1,"1,520",0.05,Card,store,
ORD10911,C0078,P02,27/01/2024,2,800,0,Cash,Store,3
ORD11222,C0179,P05,2024-02-03,4,"5,200",0,Cash,Store,3
ORD10631,C0125,P17,Mar 20 2025,1,2800,0,Card,Store,3
ORD10164,C0028,P08,Sep 4 2024,2,KES 1870,0.15,cash,app,3
ORD10726,C0276,P08,Nov 16 2024,3,KES 2090,0.05,cash,app,3
ORD10956,C0179,P10,06/08/2024,2,KES 700,0,Card,web,3
ORD10862,C0192,P13,Mar 26 2025,2,190,0.05,Cash,store,5
ORD10983,C0257,P20,2024-02-15,1,1100,0,card,Web,4
ORD10397,C0207,P04,04/05/2025,1,1800,0,M-Pesa,Web,3
ORD10046,C0177,P03,2024-01-18,2,2250,0.1,Cash,Store,4
ORD10307,C0267,P11,2024-06-07,60,KES 1900,0,Mpesa,web,2
ORD11786,C0078,P04,02/12/2024,1,1800,0,Cash,web,4
ORD10543,C0241,P10,2024-01-19,1,595,0.15,card,web,4
ORD10051,C0116,P06,Feb 8 2025,2,270,0.1,Card,Store,3
ORD10576,C0194,P13,May 23 2024,3,180,0.1,M-Pesa,Web,5
ORD10973,C0273,P19,26/07/2024,5,"1,425",0.05,mpesa,App,3
ORD11141,C0209,P04,2024-08-11,1,KES 1620,0.1,M-Pesa,App,2
ORD10859,C0110,P07,Apr 18 2025,2,950,0,Mpesa,store,4
ORD10953,C0104,P05,2024-07-22,1,4940,0.05,Card,App,4
ORD10797,C0229,P01,Mar 23 2024,1,3150,0.1,card,App,4
ORD10975,C0274,P04,2025-06-24,2,1800,0,card,web,3
ORD10491,C0180,P10,May 3 2025,2,700,0,Mpesa,store,4
ORD11605,C0233,P19,Feb 19 2025,1,KES 1500,0,card,store,4
ORD11542,C0086,P04,Mar 7 2024,1,KES 1800,0,M-Pesa,Store,4
ORD10056,C0243,P19,2024-06-16,2,KES 1500,0,card,Web,3
ORD11780,C0218,P02,Apr 7 2025,2,800,0,M-Pesa,Web,5
ORD11691,C0173,P05,Jun 9 2025,1,5200,0,mpesa,App,3
ORD11798,C0053,P04,25/08/2024,1,KES 1620,0.1,Mpesa,store,4
ORD10519,C0135,P01,2024-02-25,1,KES 3500,0,Mpesa,Store,3
ORD11612,C0070,P10,2024-01-11,1,665,0.05,card,app,4
ORD10941,C0014,P10,Nov 17 2024,1,700,0,mpesa,Web,3
ORD11535,C0276,P08,2024-04-09,1,KES 2200,0,card,Web,3
ORD10913,C0201,P16,Apr 3 2024,1,"1,080",0.1,Mpesa,Web,3
ORD10389,C0234,P17,May 9 2025,1,2800,0,Mpesa,web,4
ORD11737,C0196,P20,Nov 16 2024,1,1045,0.05,Card,App,4
ORD10725,C0281,P11,2025-01-16,3,"1,900",0,mpesa,Store,4
ORD11203,C0186,P08,02/03/2025,1,2200,0,cash,app,
ORD10283,C0201,P03,Jun 15 2025,1,"2,500",0,M-Pesa,web,3
ORD10684,C0239,P15,May 23 2024,2,712,0.05,M-Pesa,app,3
ORD11459,C0285,P12,26/09/2024,1,KES 350,0,M-Pesa,web,4
ORD11028,C0271,P02,2024-09-14,1,KES 800,0,cash,Store,3
ORD11718,C0166,P02,Jul 25 2024,2,800,0,Cash,Web,3
ORD10584,C0251,P18,Apr 28 2025,1,600,0,M-Pesa,app,3
ORD11927,C0253,P02,Oct 27 2024,1,KES 760,0.05,cash,web,4
ORD10490,C0021,P07,2024-10-27,3,950,0,mpesa,web,4
ORD11331,C0052,P05,2024-03-17,1,KES 5200,0,Cash,App,4
ORD10587,C0151,P09,2025-05-06,1,"4,200",0,card,store,2
ORD11401,C0225,P06,16/06/2025,4,285,0.05,cash,Store,3
ORD10558,C0055,P08,Sep 2 2024,1,KES 1980,0.1,M-Pesa,app,4
ORD11255,C0076,P09,24/07/2024,3,"3,780",0.1,mpesa,store,4
ORD10766,C0210,P17,Jun 4 2025,1,KES 2660,0.05,M-Pesa,app,3
ORD11758,C0183,P13,Mar 11 2024,1,200,0,mpesa,app,4
ORD11583,C0004,P18,Feb 13 2025,3,600,0,Mpesa,Web,3
ORD11978,C0088,P06,2024-09-26,1,270,0.1,Cash,web,4
ORD11985,C0090,P08,Apr 14 2025,1,KES 2200,0,cash,web,3
ORD11604,C0026,P09,01/06/2024,2,4200,0,Card,Web,2
ORD10542,C0293,P12,12/02/2025,1,350,0,Cash,App,5
ORD11015,C0009,P15,Sep 23 2024,2,712,0.05,cash,Store,3
ORD11666,C0153,P16,2024-01-26,4,"1,200",0,card,App,3
ORD11000,C0259,P16,Nov 24 2024,5,1020,0.15,M-Pesa,web,5
ORD11239,C0086,P04,25/01/2025,2,KES 1800,0,Card,Store,4
ORD11815,C0150,P12,2024-06-18,4,350,0,Mpesa,Web,3
ORD11873,C0146,P16,Aug 26 2024,2,1200,0,M-Pesa,App,5
ORD11135,C0236,P19,Jan 14 2025,1,"1,350",0.1,cash,Store,3
ORD11862,C0170,P18,2024-09-28,4,600,0,Mpesa,Store,4
ORD11846,C0101,P14,2024-08-01,2,1520,0.05,Mpesa,web,4
ORD11257,C0209,P05,Aug 22 2024,3,4940,0.05,mpesa,web,3
ORD11043,C0032,P13,2025-04-05,1,190,0.05,cash,Web,3
ORD10084,C0139,P17,Mar 16 2025,2,2660,0.05,Cash,App,4
ORD11426,C0241,P15,01/12/2024,5,750,0,Mpesa,store,3
ORD10641,C0064,P04,2025-01-06,1,1800,0,card,app,3
ORD11102,C0034,P01,2024-07-27,3,3500,0,Mpesa,app,3
ORD10910,C0168,P19,14/01/2025,4,1500,0,cash,store,3
ORD10803,C0082,P16,23/02/2024,1,"1,020",0.15,Mpesa,web,4
ORD11931,C0095,P20,24/03/2024,1,"1,100",0,Mpesa,Web,4
ORD10501,C0249,P20,2024-07-17,100,KES 990,0.1,Mpesa,Web,3
ORD10794,C0102,P09,2024-05-07,4,"4,200",0,cash,web,4
ORD10278,C0279,P09,Jan 27 2024,3,4200,0,Card,store,5
ORD11823,C0159,P01,2025-03-08,2,"3,150",0.1,cash,App,5
ORD10846,C0017,P16,2024-11-25,1,1200,0,Cash,Store,4
ORD11382,C0064,P20,01/01/2024,1,1045,0.05,mpesa,app,3
ORD10354,C0143,P05,03/02/2025,1,5200,0,Cash,web,4
ORD10876,C0088,P13,09/07/2024,2,200,0,M-Pesa,web,
ORD10519,C0135,P01,2024-02-25,1,KES 3500,0,Mpesa,Store,3
ORD10945,C0241,P12,2025-01-18,2,350,0,mpesa,web,4
ORD10944,C0021,P10,2025-02-19,1,665,0.05,Card,Web,4
ORD10731,C0113,P08,2024-08-10,2,2200,0,cash,Store,4
ORD11774,C0127,P19,2024-09-09,3,1425,0.05,Cash,app,4
ORD10573,C0186,P18,2024-07-23,5,600,0,cash,web,3
ORD10617,C0103,P06,2024-10-14,1,KES 270,0.1,Mpesa,store,3
ORD10914,C0237,P20,2024-09-10,1,1100,0,cash,App,3
ORD11814,C0008,P06,Sep 5 2024,1,300,0,Cash,Store,4
ORD10254,C0013,P19,27/11/2024,3,KES 1500,0,M-Pesa,Store,
ORD11716,C0269,P16,Aug 17 2024,2,KES 1200,0,M-Pesa,Web,4
ORD10450,C0053,P04,03/03/2025,4,"1,800",0,cash,web,3
ORD11807,C0267,P20,13/06/2025,2,1045,0.05,Card,web,3
ORD10918,C0283,P19,07/10/2024,4,1500,0,M-Pesa,Web,4
ORD10097,C0236,P19,23/01/2024,5,KES 1500,0,cash,App,3
ORD11847,C0014,P02,27/05/2025,1,KES 800,0,Mpesa,web,3
ORD11521,C0204,P09,2025-04-28,3,4200,0,Card,Web,3
ORD11724,C0156,P06,18/08/2024,1,300,0,card,web,4
ORD11462,C0009,P05,Jun 15 2025,4,"5,200",0,M-Pesa,web,3
ORD10976,C0276,P08,May 18 2024,1,1980,0.1,mpesa,Store,4
ORD10181,C0162,P16,2024-05-15,2,KES 1140,0.05,Mpesa,Web,3
ORD10863,C0081,P08,01/05/2025,1,2200,0,card,Web,4
ORD11391,C0236,P07,2024-09-11,1,950,0,card,Store,2
ORD10900,C0265,P19,Apr 18 2024,4,1500,0,Mpesa,app,2
ORD10759,C0115,P03,Apr 6 2024,1,"2,500",0,Mpesa,store,3
ORD10455,C0247,P07,24/03/2024,1,950,0,card,app,4
ORD10401,C0115,P01,Aug 8 2024,2,3325,0.05,Cash,store,
ORD10308,C0047,P06,2025-06-10,3,KES 300,0,Mpesa,app,5
ORD11972,C0092,P04,Jun 19 2024,3,"1,800",0,mpesa,App,3
